{
  "id": "/subscriptions/aba6fac4-db66-4d0c-8bce-e11e744b44df/resourceGroups/AzureQuantum/providers/Microsoft.Resources/deployments/Microsoft.BatchAccount_2022_4_7_3_55_58",
  "name": "Microsoft.BatchAccount_2022_4_7_3_55_58",
  "type": "Microsoft.Resources/deployments",
  "tags": {
    "primaryResourceId": "/subscriptions/aba6fac4-db66-4d0c-8bce-e11e744b44df/resourcegroups/AzureQuantum/providers/Microsoft.Batch/batchAccounts/azurequantum",
    "marketplaceItemId": "Microsoft.BatchAccount"
  },
  "properties": {
    "templateHash": "4723950006063962776",
    "parameters": {
      "batchAccountName": {
        "type": "String",
        "value": "azurequantum"
      },
      "location": {
        "type": "String",
        "value": "eastus"
      }
    },
    "mode": "Incremental",
    "debugSetting": {
      "detailLevel": "None"
    },
    "provisioningState": "Running",
    "timestamp": "2022-04-07T07:56:12.0949652Z",
    "duration": "PT2.96364S",
    "correlationId": "24206ff5-fcdb-4338-90c2-c8cc09ccdd60",
    "providers": [
      {
        "namespace": "Microsoft.Batch",
        "resourceTypes": [
          {
            "resourceType": "batchAccounts",
            "locations": [
              "eastus"
            ]
          }
        ]
      }
    ],
    "dependencies": [],
    "validationLevel": "Template"
  }
}