{
  "id": "/subscriptions/aba6fac4-db66-4d0c-8bce-e11e744b44df/resourceGroups/Billioniotassets/providers/Microsoft.Resources/deployments/Microsoft.ContainerInstances-20220414042336",
  "name": "Microsoft.ContainerInstances-20220414042336",
  "type": "Microsoft.Resources/deployments",
  "tags": {
    "primaryResourceId": "/subscriptions/aba6fac4-db66-4d0c-8bce-e11e744b44df/resourcegroups/Billioniotassets/providers/Microsoft.ContainerInstance/containerGroups/cntainer",
    "marketplaceItemId": "Microsoft.ContainerInstances"
  },
  "properties": {
    "templateHash": "13583174118150460419",
    "parameters": {
      "availabilityZones": {
        "type": "Array",
        "value": []
      },
      "location": {
        "type": "String",
        "value": "eastus"
      },
      "containerName": {
        "type": "String",
        "value": "cntainer"
      },
      "imageType": {
        "type": "String",
        "value": "Public"
      },
      "imageName": {
        "type": "String",
        "value": "mcr.microsoft.com/azuredocs/aci-helloworld:latest"
      },
      "osType": {
        "type": "String",
        "value": "Linux"
      },
      "numberCpuCores": {
        "type": "String",
        "value": "1"
      },
      "memory": {
        "type": "String",
        "value": "1.5"
      },
      "restartPolicy": {
        "type": "String",
        "value": "OnFailure"
      },
      "environmentVariable0": {
        "type": "SecureString"
      },
      "environmentVariable1": {
        "type": "String",
        "value": "Liars"
      },
      "commandOverrideArray": {
        "type": "Array",
        "value": [
          "/bin/bash",
          "-c",
          "echo hello; sleep 100000"
        ]
      },
      "ipAddressType": {
        "type": "String",
        "value": "Public"
      },
      "ports": {
        "type": "Array",
        "value": [
          {
            "port": "80",
            "protocol": "TCP"
          },
          {
            "port": "2",
            "protocol": "UDP"
          },
          {
            "port": "432",
            "protocol": "TCP"
          },
          {
            "port": "666",
            "protocol": "UDP"
          },
          {
            "port": "22222",
            "protocol": "TCP"
          }
        ]
      },
      "dnsNameLabel": {
        "type": "String",
        "value": "jumpo541"
      }
    },
    "mode": "Incremental",
    "debugSetting": {
      "detailLevel": "None"
    },
    "provisioningState": "Running",
    "timestamp": "2022-04-14T10:00:28.6063058Z",
    "duration": "PT23.5119758S",
    "correlationId": "48e88ced-1a8b-481d-ab1c-c4c1b9e8bd6b",
    "providers": [
      {
        "namespace": "Microsoft.ContainerInstance",
        "resourceTypes": [
          {
            "resourceType": "containerGroups",
            "locations": [
              "eastus"
            ]
          }
        ]
      }
    ],
    "dependencies": [],
    "validationLevel": "Template"
  }
}