[
  {
    "id": "/subscriptions/aba6fac4-db66-4d0c-8bce-e11e744b44df/resourceGroups/Billioniotassets/providers/Microsoft.Resources/deployments/Microsoft.ContainerInstances-20220414042336/operations/DD9CCE8DED27B46A",
    "operationId": "DD9CCE8DED27B46A",
    "properties": {
      "provisioningOperation": "Create",
      "provisioningState": "Running",
      "timestamp": "2022-04-14T10:00:13.1822586Z",
      "duration": "PT7.6740265S",
      "trackingId": "f496052a-746e-46f6-a1a6-49d05b197ad8",
      "statusCode": "Created",
      "targetResource": {
        "id": "/subscriptions/aba6fac4-db66-4d0c-8bce-e11e744b44df/resourceGroups/Billioniotassets/providers/Microsoft.ContainerInstance/containerGroups/cntainer",
        "resourceType": "Microsoft.ContainerInstance/containerGroups",
        "resourceName": "cntainer"
      }
    }
  }
]