[
  {
    "id": "/subscriptions/aba6fac4-db66-4d0c-8bce-e11e744b44df/resourceGroups/AzureQuantum/providers/Microsoft.Resources/deployments/Microsoft.BatchAccount_2022_4_7_3_55_58/operations/6B7C75B26B62C798",
    "operationId": "6B7C75B26B62C798",
    "properties": {
      "provisioningOperation": "Create",
      "provisioningState": "Succeeded",
      "timestamp": "2022-04-07T07:56:31.8661562Z",
      "duration": "PT22.013393S",
      "trackingId": "ae64b751-af0e-4999-b2ce-3b0f9f04a966",
      "statusCode": "OK",
      "targetResource": {
        "id": "/subscriptions/aba6fac4-db66-4d0c-8bce-e11e744b44df/resourceGroups/AzureQuantum/providers/Microsoft.Batch/batchAccounts/azurequantum",
        "resourceType": "Microsoft.Batch/batchAccounts",
        "resourceName": "azurequantum"
      }
    }
  },
  {
    "id": "/subscriptions/aba6fac4-db66-4d0c-8bce-e11e744b44df/resourceGroups/AzureQuantum/providers/Microsoft.Resources/deployments/Microsoft.BatchAccount_2022_4_7_3_55_58/operations/08585522887165877064",
    "operationId": "08585522887165877064",
    "properties": {
      "provisioningOperation": "EvaluateDeploymentOutput",
      "provisioningState": "Succeeded",
      "timestamp": "2022-04-07T07:56:31.9650621Z",
      "duration": "PT22.1122989S",
      "trackingId": "8cea3f87-c222-40fd-a88b-e932f9a76114",
      "statusCode": "OK"
    }
  }
]