{
  "id": "/subscriptions/aba6fac4-db66-4d0c-8bce-e11e744b44df/resourceGroups/AzureQuantum/providers/Microsoft.Resources/deployments/Microsoft.AvailabilitySet-20220407035904",
  "name": "Microsoft.AvailabilitySet-20220407035904",
  "type": "Microsoft.Resources/deployments",
  "tags": {
    "primaryResourceId": "/subscriptions/aba6fac4-db66-4d0c-8bce-e11e744b44df/resourcegroups/AzureQuantum/providers/Microsoft.Compute/availabilitySets/bnjv",
    "marketplaceItemId": "Microsoft.AvailabilitySet"
  },
  "properties": {
    "templateHash": "13531040879790055943",
    "parameters": {
      "resourceName": {
        "type": "String",
        "value": "bnjv"
      },
      "location": {
        "type": "String",
        "value": "eastus"
      },
      "platformFaultDomainCount": {
        "type": "Int",
        "value": 3
      },
      "platformUpdateDomainCount": {
        "type": "Int",
        "value": 18
      },
      "skuName": {
        "type": "String",
        "value": "Aligned"
      }
    },
    "mode": "Incremental",
    "debugSetting": {
      "detailLevel": "None"
    },
    "provisioningState": "Succeeded",
    "timestamp": "2022-04-07T08:00:07.4791804Z",
    "duration": "PT1.8144791S",
    "correlationId": "3ba56b3d-6e45-408e-ba5c-806bd9368bb1",
    "providers": [
      {
        "namespace": "Microsoft.Compute",
        "resourceTypes": [
          {
            "resourceType": "availabilitySets",
            "locations": [
              "eastus"
            ]
          }
        ]
      }
    ],
    "dependencies": [],
    "outputResources": [
      {
        "id": "/subscriptions/aba6fac4-db66-4d0c-8bce-e11e744b44df/resourceGroups/AzureQuantum/providers/Microsoft.Compute/availabilitySets/bnjv"
      }
    ],
    "validationLevel": "Template"
  }
}