[
  {
    "id": "/subscriptions/aba6fac4-db66-4d0c-8bce-e11e744b44df/resourceGroups/AzureQuantum/providers/Microsoft.Resources/deployments/Microsoft.DataShare-20220407061321/operations/5DD9892C714456FC",
    "operationId": "5DD9892C714456FC",
    "properties": {
      "provisioningOperation": "Create",
      "provisioningState": "Running",
      "timestamp": "2022-04-07T10:14:57.8798557Z",
      "duration": "PT34.824377S",
      "trackingId": "7ccbffb5-2fd1-4be6-a755-20d6d02dd9d2",
      "statusCode": "OK",
      "targetResource": {
        "id": "/subscriptions/aba6fac4-db66-4d0c-8bce-e11e744b44df/resourceGroups/AzureQuantum/providers/Microsoft.DataShare/accounts/Knvhu",
        "resourceType": "Microsoft.DataShare/accounts",
        "resourceName": "Knvhu"
      }
    }
  }
]