[
  {
    "id": "/subscriptions/aba6fac4-db66-4d0c-8bce-e11e744b44df/resourceGroups/AzureQuantum/providers/Microsoft.Resources/deployments/Microsoft.Template-20220407061136/operations/6A646CC2349EC8FE",
    "operationId": "6A646CC2349EC8FE",
    "properties": {
      "provisioningOperation": "Create",
      "provisioningState": "Running",
      "timestamp": "2022-04-07T10:11:49.2123047Z",
      "duration": "PT1.4874842S",
      "trackingId": "76663839-75ff-4a00-8313-4d0e9b308ccd",
      "statusCode": "OK",
      "targetResource": {
        "id": "/subscriptions/aba6fac4-db66-4d0c-8bce-e11e744b44df/resourceGroups/DefaultResourceGroup-CUS/providers/Microsoft.Resources/deployments/newWorkspaceTemplate",
        "resourceType": "Microsoft.Resources/deployments",
        "resourceName": "newWorkspaceTemplate"
      }
    }
  },
  {
    "id": "/subscriptions/aba6fac4-db66-4d0c-8bce-e11e744b44df/resourceGroups/AzureQuantum/providers/Microsoft.Resources/deployments/Microsoft.Template-20220407061136/operations/33EA67E28E45D48D",
    "operationId": "33EA67E28E45D48D",
    "properties": {
      "provisioningOperation": "Action",
      "provisioningState": "Succeeded",
      "timestamp": "2022-04-07T10:11:49.1066298Z",
      "duration": "PT1.3818093S",
      "trackingId": "4ed6eaf1-070f-4207-b000-990dab241cf3",
      "statusCode": "OK",
      "targetResource": {
        "id": "/subscriptions/aba6fac4-db66-4d0c-8bce-e11e744b44df/resourceGroups/AzureQuantum/providers/Microsoft.Storage/storageAccounts/azurequantumb601",
        "resourceType": "Microsoft.Storage/storageAccounts",
        "resourceName": "azurequantumb601",
        "actionName": "listKeys",
        "apiVersion": "2019-06-01"
      }
    }
  },
  {
    "id": "/subscriptions/aba6fac4-db66-4d0c-8bce-e11e744b44df/resourceGroups/AzureQuantum/providers/Microsoft.Resources/deployments/Microsoft.Template-20220407061136/operations/CCD06D6C0859C141",
    "operationId": "CCD06D6C0859C141",
    "properties": {
      "provisioningOperation": "Create",
      "provisioningState": "Succeeded",
      "timestamp": "2022-04-07T10:11:48.9009178Z",
      "duration": "PT1.1760973S",
      "trackingId": "f6e95057-6042-44c8-8f56-95e8830fcc01",
      "statusCode": "OK",
      "targetResource": {
        "id": "/subscriptions/aba6fac4-db66-4d0c-8bce-e11e744b44df/resourceGroups/AzureQuantum/providers/Microsoft.Storage/storageAccounts/azurequantumb601",
        "resourceType": "Microsoft.Storage/storageAccounts",
        "resourceName": "azurequantumb601"
      }
    }
  }
]