{
  "id": "/subscriptions/aba6fac4-db66-4d0c-8bce-e11e744b44df/resourceGroups/III_group/providers/Microsoft.Resources/deployments/Microsoft.VirtualNetworkGateway-20220414174111",
  "name": "Microsoft.VirtualNetworkGateway-20220414174111",
  "type": "Microsoft.Resources/deployments",
  "tags": {
    "primaryResourceId": "/subscriptions/aba6fac4-db66-4d0c-8bce-e11e744b44df/resourceGroups/III_group/providers/Microsoft.Network/virtualNetworkGateways/jvm3555",
    "marketplaceItemId": "Microsoft.VirtualNetworkGateway"
  },
  "properties": {
    "templateHash": "14530146633421208519",
    "parameters": {
      "name": {
        "type": "String",
        "value": "jvm3555"
      },
      "location": {
        "type": "String",
        "value": "centralus"
      },
      "gatewayType": {
        "type": "String",
        "value": "Vpn"
      },
      "sku": {
        "type": "String",
        "value": "VpnGw2AZ"
      },
      "vpnGatewayGeneration": {
        "type": "String",
        "value": "Generation2"
      },
      "vpnType": {
        "type": "String",
        "value": "RouteBased"
      },
      "existingVirtualNetworkName": {
        "type": "String",
        "value": "III_group-vnet"
      },
      "newSubnetName": {
        "type": "String",
        "value": "GatewaySubnet"
      },
      "subnetAddressPrefix": {
        "type": "String",
        "value": "10.2.1.0/24"
      },
      "newPublicIpAddressName": {
        "type": "String",
        "value": "public"
      },
      "activeActive": {
        "type": "Bool",
        "value": true
      },
      "activeActiveGatewayNewPublicIpAddressName": {
        "type": "String",
        "value": "Pub2"
      },
      "enableBgp": {
        "type": "Bool",
        "value": true
      },
      "asn": {
        "type": "Int",
        "value": 65515
      },
      "customBgpIpAddress": {
        "type": "Array",
        "value": []
      },
      "secondCustomBgpIpAddress": {
        "type": "Array",
        "value": []
      }
    },
    "mode": "Incremental",
    "debugSetting": {
      "detailLevel": "None"
    },
    "provisioningState": "Running",
    "timestamp": "2022-04-14T21:46:31.6417396Z",
    "duration": "PT6.2207118S",
    "correlationId": "14169521-ca6e-4da8-a8ef-9c050296e57c",
    "providers": [
      {
        "namespace": "Microsoft.Network",
        "resourceTypes": [
          {
            "resourceType": "virtualNetworkGateways",
            "locations": [
              "centralus"
            ]
          },
          {
            "resourceType": "publicIPAddresses",
            "locations": [
              "centralus"
            ]
          },
          {
            "resourceType": "virtualNetworks/subnets",
            "locations": [
              "centralus"
            ]
          }
        ]
      }
    ],
    "dependencies": [
      {
        "dependsOn": [
          {
            "id": "/subscriptions/aba6fac4-db66-4d0c-8bce-e11e744b44df/resourceGroups/III_group/providers/Microsoft.Network/publicIPAddresses/Pub2",
            "resourceType": "Microsoft.Network/publicIPAddresses",
            "resourceName": "Pub2"
          },
          {
            "id": "/subscriptions/aba6fac4-db66-4d0c-8bce-e11e744b44df/resourceGroups/III_group/providers/Microsoft.Network/virtualNetworks/III_group-vnet/subnets/GatewaySubnet",
            "resourceType": "Microsoft.Network/virtualNetworks/subnets",
            "resourceName": "III_group-vnet/GatewaySubnet"
          },
          {
            "id": "/subscriptions/aba6fac4-db66-4d0c-8bce-e11e744b44df/resourceGroups/III_group/providers/Microsoft.Network/publicIPAddresses/public",
            "resourceType": "Microsoft.Network/publicIPAddresses",
            "resourceName": "public"
          }
        ],
        "id": "/subscriptions/aba6fac4-db66-4d0c-8bce-e11e744b44df/resourceGroups/III_group/providers/Microsoft.Network/virtualNetworkGateways/jvm3555",
        "resourceType": "Microsoft.Network/virtualNetworkGateways",
        "resourceName": "jvm3555"
      }
    ],
    "validationLevel": "Template"
  }
}