{
  "id": "/subscriptions/aba6fac4-db66-4d0c-8bce-e11e744b44df/resourceGroups/IOTC/providers/Microsoft.Resources/deployments/Microsoft.ManagedDisk-20220414022657",
  "name": "Microsoft.ManagedDisk-20220414022657",
  "type": "Microsoft.Resources/deployments",
  "tags": {
    "primaryResourceId": "/subscriptions/aba6fac4-db66-4d0c-8bce-e11e744b44df/resourcegroups/IOTC/providers/Microsoft.Compute/disks/hhhhh",
    "marketplaceItemId": "Microsoft.ManagedDisk"
  },
  "properties": {
    "templateHash": "6963771067530428751",
    "parameters": {
      "diskName": {
        "type": "String",
        "value": "hhhhh"
      },
      "location": {
        "type": "String",
        "value": "centralus"
      },
      "sku": {
        "type": "String",
        "value": "Premium_LRS"
      },
      "diskSizeGb": {
        "type": "Int",
        "value": 32
      },
      "sourceResourceId": {
        "type": "String",
        "value": "/subscriptions/aba6fac4-db66-4d0c-8bce-e11e744b44df/resourceGroups/DefaultResourceGroup-CUS/providers/Microsoft.Compute/snapshots/Cool"
      },
      "sourceUri": {
        "type": "String",
        "value": ""
      },
      "osType": {
        "type": "String",
        "value": ""
      },
      "createOption": {
        "type": "String",
        "value": "copy"
      },
      "hyperVGeneration": {
        "type": "String",
        "value": ""
      },
      "diskEncryptionSetType": {
        "type": "String",
        "value": "EncryptionAtRestWithPlatformKey"
      },
      "networkAccessPolicy": {
        "type": "String",
        "value": "AllowAll"
      }
    },
    "mode": "Incremental",
    "debugSetting": {
      "detailLevel": "None"
    },
    "provisioningState": "Running",
    "timestamp": "2022-04-14T06:27:43.1289241Z",
    "duration": "PT1.5376765S",
    "correlationId": "c80317d4-2136-4812-b2da-58a6c97f1cd6",
    "providers": [
      {
        "namespace": "Microsoft.Compute",
        "resourceTypes": [
          {
            "resourceType": "disks",
            "locations": [
              "centralus"
            ]
          }
        ]
      }
    ],
    "dependencies": [],
    "validationLevel": "Template"
  }
}