[
  {
    "id": "/subscriptions/aba6fac4-db66-4d0c-8bce-e11e744b44df/resourceGroups/AzureQuantum/providers/Microsoft.Resources/deployments/Microsoft.AzureQuantum-1649317415491/operations/FF1A13B33CBCC25B",
    "operationId": "FF1A13B33CBCC25B",
    "properties": {
      "provisioningOperation": "Create",
      "provisioningState": "Running",
      "timestamp": "2022-04-07T07:43:58.65813Z",
      "duration": "PT19.386464S",
      "trackingId": "3f2205da-c867-4f01-92c5-7b66b73e2402",
      "statusCode": "Created",
      "targetResource": {
        "id": "/subscriptions/aba6fac4-db66-4d0c-8bce-e11e744b44df/resourceGroups/AzureQuantum/providers/Microsoft.Quantum/Workspaces/James-122",
        "resourceType": "Microsoft.Quantum/Workspaces",
        "resourceName": "James-122"
      }
    }
  }
]