{
  "id": "/subscriptions/aba6fac4-db66-4d0c-8bce-e11e744b44df/resourceGroups/AzureQuantum/providers/Microsoft.Resources/deployments/Microsoft.AzureQuantum-1649317415491",
  "name": "Microsoft.AzureQuantum-1649317415491",
  "type": "Microsoft.Resources/deployments",
  "tags": {
    "primaryResourceId": "/subscriptions/aba6fac4-db66-4d0c-8bce-e11e744b44df/resourceGroups/AzureQuantum/providers/Microsoft.Quantum/Workspaces/James-122",
    "marketplaceItemId": "Microsoft.AzureQuantum",
    "provisioningHash": "provisioningHash"
  },
  "properties": {
    "templateHash": "15640022399130129662",
    "parameters": {
      "name": {
        "type": "String",
        "value": "James-122"
      },
      "location": {
        "type": "String",
        "value": "eastus"
      },
      "storageAccountId": {
        "type": "String",
        "value": "/subscriptions/aba6fac4-db66-4d0c-8bce-e11e744b44df/resourceGroups/AzureQuantum/providers/Microsoft.Storage/storageAccounts/aq4efb87c9ab8f424b98499d"
      },
      "storageAccount": {
        "type": "Object",
        "value": {
          "id": null,
          "name": "aq4efb87c9ab8f424b98499d",
          "type": "Standard_LRS",
          "kind": "Storage",
          "isExisting": false,
          "isClassic": false,
          "location": "eastus"
        }
      },
      "tags": {
        "type": "Object",
        "value": {}
      },
      "providers": {
        "type": "Array",
        "value": [
          {
            "providerId": "ionq",
            "providerSku": "pay-as-you-go-cred",
            "provisioningState": "Launching"
          },
          {
            "providerId": "quantinuum",
            "providerSku": "credits1",
            "provisioningState": "Launching"
          },
          {
            "providerId": "Microsoft",
            "providerSku": "DZH3178M639F",
            "provisioningState": "Launching"
          }
        ]
      }
    },
    "mode": "Incremental",
    "debugSetting": {
      "detailLevel": "None"
    },
    "provisioningState": "Running",
    "timestamp": "2022-04-07T07:44:14.0416094Z",
    "duration": "PT35.3030138S",
    "correlationId": "e38788eb-92b5-4d7d-9287-effcc2904c8f",
    "providers": [
      {
        "namespace": "Microsoft.Quantum",
        "resourceTypes": [
          {
            "resourceType": "Workspaces",
            "locations": [
              "eastus"
            ]
          }
        ]
      },
      {
        "namespace": "Microsoft.Resources",
        "resourceTypes": [
          {
            "resourceType": "deployments",
            "locations": [
              null
            ]
          }
        ]
      }
    ],
    "dependencies": [
      {
        "dependsOn": [
          {
            "id": "/subscriptions/aba6fac4-db66-4d0c-8bce-e11e744b44df/resourceGroups/AzureQuantum/providers/Microsoft.Quantum/Workspaces/James-122",
            "resourceType": "Microsoft.Quantum/Workspaces",
            "resourceName": "James-122"
          },
          {
            "id": "/subscriptions/aba6fac4-db66-4d0c-8bce-e11e744b44df/resourceGroups/AzureQuantum/providers/Microsoft.Quantum/Workspaces/James-122",
            "resourceType": "Microsoft.Quantum/Workspaces",
            "resourceName": "James-122",
            "apiVersion": "2019-11-04-preview"
          }
        ],
        "id": "/subscriptions/aba6fac4-db66-4d0c-8bce-e11e744b44df/resourceGroups/AzureQuantum/providers/Microsoft.Resources/deployments/Microsoft.StorageAccount-1649317415492",
        "resourceType": "Microsoft.Resources/deployments",
        "resourceName": "Microsoft.StorageAccount-1649317415492"
      }
    ],
    "validationLevel": "Template"
  }
}