{
  "id": "/subscriptions/aba6fac4-db66-4d0c-8bce-e11e744b44df/resourceGroups/AzureQuantum/providers/Microsoft.Resources/deployments/Microsoft.CognitiveServicesAllInOne-20220407054804",
  "name": "Microsoft.CognitiveServicesAllInOne-20220407054804",
  "type": "Microsoft.Resources/deployments",
  "tags": {
    "marketplaceItemId": "Microsoft.CognitiveServicesAllInOne"
  },
  "properties": {
    "templateHash": "15708583915212155601",
    "parameters": {
      "name": {
        "type": "String",
        "value": "Sob"
      },
      "location": {
        "type": "String",
        "value": "centralus"
      },
      "sku": {
        "type": "String",
        "value": "S0"
      },
      "tagValues": {
        "type": "Object",
        "value": {
          "Microsoft.CognitiveServices/accounts": {
            "tracking": "ece2817a-13c3-4202-83ae-1269b569940"
          }
        }
      },
      "identity": {
        "type": "Object",
        "value": {
          "type": "None"
        }
      }
    },
    "mode": "Incremental",
    "debugSetting": {
      "detailLevel": "None"
    },
    "provisioningState": "Running",
    "timestamp": "2022-04-07T09:49:18.8048348Z",
    "duration": "PT0.2043593S",
    "correlationId": "580aad02-7da9-4dc3-a990-7d7eebbd9963",
    "providers": [
      {
        "namespace": "Microsoft.CognitiveServices",
        "resourceTypes": [
          {
            "resourceType": "accounts",
            "locations": [
              "centralus"
            ]
          }
        ]
      }
    ],
    "dependencies": [],
    "validationLevel": "Template"
  }
}