{
  "id": "/subscriptions/aba6fac4-db66-4d0c-8bce-e11e744b44df/resourceGroups/AzureQuantum/providers/Microsoft.Resources/deployments/Microsoft.Template-20220407062342",
  "name": "Microsoft.Template-20220407062342",
  "type": "Microsoft.Resources/deployments",
  "tags": {
    "marketplaceItemId": "Microsoft.Template"
  },
  "properties": {
    "templateHash": "17632053255828047426",
    "parameters": {
      "accountName": {
        "type": "String",
        "value": "Wooah"
      },
      "location": {
        "type": "String",
        "value": "eastus"
      }
    },
    "mode": "Incremental",
    "debugSetting": {
      "detailLevel": "None"
    },
    "provisioningState": "Running",
    "timestamp": "2022-04-07T10:23:44.6931696Z",
    "duration": "PT0.214905S",
    "correlationId": "da09bd5a-c71b-43a2-b29d-cbbb32f459cc",
    "providers": [
      {
        "namespace": "Microsoft.NetApp",
        "resourceTypes": [
          {
            "resourceType": "netAppAccounts",
            "locations": [
              "eastus"
            ]
          }
        ]
      }
    ],
    "dependencies": [],
    "validationLevel": "Template"
  }
}