{
  "id": "/subscriptions/aba6fac4-db66-4d0c-8bce-e11e744b44df/resourceGroups/VstsRG-13-6add/providers/Microsoft.Resources/deployments/Deploy_DevOps_Project_13",
  "name": "Deploy_DevOps_Project_13",
  "type": "Microsoft.Resources/deployments",
  "tags": {
    "primaryResourceId": "/subscriptions/aba6fac4-db66-4d0c-8bce-e11e744b44df/resourcegroups/VstsRG-13-6add/providers/Microsoft.DevOps/pipelines/13",
    "marketplaceItemId": "Microsoft.AzureProject"
  },
  "properties": {
    "templateHash": "16147331635188201868",
    "parameters": {
      "azureAuth": {
        "type": "SecureString"
      },
      "repository_auth": {
        "type": "SecureObject"
      }
    },
    "mode": "Incremental",
    "debugSetting": {
      "detailLevel": "None"
    },
    "provisioningState": "Running",
    "timestamp": "2022-04-10T03:23:53.6996749Z",
    "duration": "PT0.5354228S",
    "correlationId": "280c5443-fdcf-4b6d-aa98-cb51a9753a41",
    "providers": [
      {
        "namespace": "Microsoft.DevOps",
        "resourceTypes": [
          {
            "resourceType": "pipelines",
            "locations": [
              "centralus"
            ]
          }
        ]
      }
    ],
    "dependencies": []
  }
}