{
  "id": "/subscriptions/aba6fac4-db66-4d0c-8bce-e11e744b44df/resourceGroups/AzureQuantum/providers/Microsoft.Resources/deployments/Microsoft.CognitiveServicesFace-20220407054941",
  "name": "Microsoft.CognitiveServicesFace-20220407054941",
  "type": "Microsoft.Resources/deployments",
  "tags": {
    "marketplaceItemId": "Microsoft.CognitiveServicesFace"
  },
  "properties": {
    "templateHash": "1414568996078662157",
    "parameters": {
      "name": {
        "type": "String",
        "value": "Quany"
      },
      "location": {
        "type": "String",
        "value": "eastus"
      },
      "resourceGroupName": {
        "type": "String",
        "value": "AzureQuantum"
      },
      "resourceGroupId": {
        "type": "String",
        "value": "/subscriptions/aba6fac4-db66-4d0c-8bce-e11e744b44df/resourceGroups/AzureQuantum"
      },
      "sku": {
        "type": "String",
        "value": "S0"
      },
      "tagValues": {
        "type": "Object",
        "value": {
          "Microsoft.CognitiveServices/accounts": {
            "tracking": "ece2817a-13c3-4202-83ae-1269b569940"
          }
        }
      },
      "virtualNetworkType": {
        "type": "String",
        "value": "None"
      },
      "vnet": {
        "type": "Object",
        "value": {}
      },
      "ipRules": {
        "type": "Array",
        "value": []
      },
      "identity": {
        "type": "Object",
        "value": {
          "type": "None"
        }
      },
      "privateEndpoints": {
        "type": "Array",
        "value": []
      }
    },
    "mode": "Incremental",
    "debugSetting": {
      "detailLevel": "None"
    },
    "provisioningState": "Succeeded",
    "timestamp": "2022-04-07T09:51:17.0055749Z",
    "duration": "PT18.1422615S",
    "correlationId": "8ea18278-9d58-4d5a-a87c-93190591e221",
    "providers": [
      {
        "namespace": "Microsoft.CognitiveServices",
        "resourceTypes": [
          {
            "resourceType": "accounts",
            "locations": [
              "eastus"
            ]
          }
        ]
      }
    ],
    "dependencies": [
      {
        "dependsOn": [
          {
            "id": "/subscriptions/aba6fac4-db66-4d0c-8bce-e11e744b44df/resourceGroups/AzureQuantum/providers/Microsoft.Resources/deployments/deployVnet",
            "resourceType": "Microsoft.Resources/deployments",
            "resourceName": "deployVnet"
          }
        ],
        "id": "/subscriptions/aba6fac4-db66-4d0c-8bce-e11e744b44df/resourceGroups/AzureQuantum/providers/Microsoft.CognitiveServices/accounts/Quany",
        "resourceType": "Microsoft.CognitiveServices/accounts",
        "resourceName": "Quany"
      }
    ],
    "outputResources": [
      {
        "id": "/subscriptions/aba6fac4-db66-4d0c-8bce-e11e744b44df/resourceGroups/AzureQuantum/providers/Microsoft.CognitiveServices/accounts/Quany"
      }
    ],
    "validationLevel": "Template"
  }
}