[
  {
    "id": "/subscriptions/aba6fac4-db66-4d0c-8bce-e11e744b44df/resourceGroups/AzureQuantum/providers/Microsoft.Resources/deployments/Microsoft.CognitiveServicesFace-20220407054941/operations/24B49D6B27A4FFCB",
    "operationId": "24B49D6B27A4FFCB",
    "properties": {
      "provisioningOperation": "Create",
      "provisioningState": "Succeeded",
      "timestamp": "2022-04-07T09:51:16.8679055Z",
      "duration": "PT17.6235985S",
      "trackingId": "64dcf510-ae72-451f-8d93-b27647a39e0a",
      "statusCode": "OK",
      "targetResource": {
        "id": "/subscriptions/aba6fac4-db66-4d0c-8bce-e11e744b44df/resourceGroups/AzureQuantum/providers/Microsoft.CognitiveServices/accounts/Quany",
        "resourceType": "Microsoft.CognitiveServices/accounts",
        "resourceName": "Quany"
      }
    }
  },
  {
    "id": "/subscriptions/aba6fac4-db66-4d0c-8bce-e11e744b44df/resourceGroups/AzureQuantum/providers/Microsoft.Resources/deployments/Microsoft.CognitiveServicesFace-20220407054941/operations/08585522818269143770",
    "operationId": "08585522818269143770",
    "properties": {
      "provisioningOperation": "EvaluateDeploymentOutput",
      "provisioningState": "Succeeded",
      "timestamp": "2022-04-07T09:51:16.9804372Z",
      "duration": "PT17.7361302S",
      "trackingId": "ad273412-a32d-43d8-bdad-19c50fb64809",
      "statusCode": "OK"
    }
  }
]