{
  "id": "/subscriptions/aba6fac4-db66-4d0c-8bce-e11e744b44df/resourceGroups/cloud-shell-storage-eastus/providers/Microsoft.Resources/deployments/Microsoft.Microsoft_Azure_Bonsai1649324224911",
  "name": "Microsoft.Microsoft_Azure_Bonsai1649324224911",
  "type": "Microsoft.Resources/deployments",
  "tags": {
    "primaryResourceId": "/subscriptions/aba6fac4-db66-4d0c-8bce-e11e744b44df/resourcegroups/cloud-shell-storage-eastus/providers/Microsoft.AutonomousSystems/workspaces/gongo",
    "marketplaceItemId": "Microsoft.Microsoft_Azure_Bonsai"
  },
  "properties": {
    "templateHash": "8737196167576140616",
    "parameters": {
      "name": {
        "type": "String",
        "value": "gongo"
      },
      "location": {
        "type": "String",
        "value": "westus2"
      },
      "iotCentralUrl": {
        "type": "String",
        "value": "JamesOcallaghanPrivateBankSRO.w3.com"
      },
      "tags": {
        "type": "Object",
        "value": {
          "ms-resource-usage": "azure-cloud-shell",
          "tracking": "ece2817a-13c3-4202-83ae-1269b569940"
        }
      }
    },
    "mode": "Incremental",
    "debugSetting": {
      "detailLevel": "None"
    },
    "provisioningState": "Running",
    "timestamp": "2022-04-07T09:37:12.5711347Z",
    "duration": "PT3.8129055S",
    "correlationId": "e0122552-330f-49c5-9350-7284640d2abd",
    "providers": [
      {
        "namespace": "Microsoft.AutonomousSystems",
        "resourceTypes": [
          {
            "resourceType": "workspaces",
            "locations": [
              "westus2"
            ]
          }
        ]
      }
    ],
    "dependencies": [],
    "validationLevel": "Template"
  }
}