{
  "id": "/subscriptions/aba6fac4-db66-4d0c-8bce-e11e744b44df/resourceGroups/cloud-shell-storage-eastus/providers/Microsoft.Resources/deployments/Microsoft.CognitiveServicesComputerVision-20220407054100",
  "name": "Microsoft.CognitiveServicesComputerVision-20220407054100",
  "type": "Microsoft.Resources/deployments",
  "tags": {
    "marketplaceItemId": "Microsoft.CognitiveServicesComputerVision"
  },
  "properties": {
    "templateHash": "15037014508257787738",
    "parameters": {
      "name": {
        "type": "String",
        "value": "xml"
      },
      "location": {
        "type": "String",
        "value": "eastus"
      },
      "resourceGroupName": {
        "type": "String",
        "value": "cloud-shell-storage-eastus"
      },
      "resourceGroupId": {
        "type": "String",
        "value": "/subscriptions/aba6fac4-db66-4d0c-8bce-e11e744b44df/resourceGroups/cloud-shell-storage-eastus"
      },
      "sku": {
        "type": "String",
        "value": "S1"
      },
      "tagValues": {
        "type": "Object",
        "value": {
          "Microsoft.CognitiveServices/accounts": {
            "xml": ".xml",
            "Csv": ".csv",
            "Jar": ".jar",
            "Bat": ".Bat",
            "Exe": ".Exe",
            "Java": ".java",
            "tracking": "ece2817a-13c3-4202-83ae-1269b569940"
          }
        }
      },
      "virtualNetworkType": {
        "type": "String",
        "value": "None"
      },
      "vnet": {
        "type": "Object",
        "value": {}
      },
      "ipRules": {
        "type": "Array",
        "value": []
      },
      "identity": {
        "type": "Object",
        "value": {
          "type": "SystemAssigned"
        }
      },
      "privateEndpoints": {
        "type": "Array",
        "value": []
      },
      "isCommitmentPlanForDisconnectedContainerEnabled": {
        "type": "Bool",
        "value": false
      },
      "commitmentPlanForDisconnectedContainer": {
        "type": "Object",
        "value": {
          "current": {},
          "hostingModel": "DisconnectedContainer",
          "planType": "Read",
          "autoRenew": true
        }
      }
    },
    "mode": "Incremental",
    "debugSetting": {
      "detailLevel": "None"
    },
    "provisioningState": "Running",
    "timestamp": "2022-04-07T09:44:19.4905291Z",
    "duration": "PT0.3179827S",
    "correlationId": "af6137e8-9060-4f50-be39-b2f27be54cad",
    "providers": [
      {
        "namespace": "Microsoft.CognitiveServices",
        "resourceTypes": [
          {
            "resourceType": "accounts",
            "locations": [
              "eastus"
            ]
          }
        ]
      }
    ],
    "dependencies": [
      {
        "dependsOn": [
          {
            "id": "/subscriptions/aba6fac4-db66-4d0c-8bce-e11e744b44df/resourceGroups/cloud-shell-storage-eastus/providers/Microsoft.Resources/deployments/deployVnet",
            "resourceType": "Microsoft.Resources/deployments",
            "resourceName": "deployVnet"
          }
        ],
        "id": "/subscriptions/aba6fac4-db66-4d0c-8bce-e11e744b44df/resourceGroups/cloud-shell-storage-eastus/providers/Microsoft.CognitiveServices/accounts/xml",
        "resourceType": "Microsoft.CognitiveServices/accounts",
        "resourceName": "xml"
      },
      {
        "dependsOn": [
          {
            "id": "/subscriptions/aba6fac4-db66-4d0c-8bce-e11e744b44df/resourceGroups/cloud-shell-storage-eastus/providers/Microsoft.CognitiveServices/accounts/xml",
            "resourceType": "Microsoft.CognitiveServices/accounts",
            "resourceName": "xml"
          }
        ],
        "id": "/subscriptions/aba6fac4-db66-4d0c-8bce-e11e744b44df/resourceGroups/cloud-shell-storage-eastus/providers/Microsoft.CognitiveServices/accounts/xml/commitmentPlans/DisconnectedContainer-ComputerVision-1",
        "resourceType": "Microsoft.CognitiveServices/accounts/commitmentPlans",
        "resourceName": "xml/DisconnectedContainer-ComputerVision-1"
      }
    ],
    "validationLevel": "Template"
  }
}