{
  "id": "/subscriptions/aba6fac4-db66-4d0c-8bce-e11e744b44df/resourceGroups/IOTC/providers/Microsoft.Resources/deployments/Microsoft.Web-StaticApp-Portal-28ff135d-b05f",
  "name": "Microsoft.Web-StaticApp-Portal-28ff135d-b05f",
  "type": "Microsoft.Resources/deployments",
  "tags": {
    "primaryResourceId": "/subscriptions/aba6fac4-db66-4d0c-8bce-e11e744b44df/resourcegroups/IOTC/providers/Microsoft.Web/staticSites/StatiC",
    "marketplaceItemId": "Microsoft.StaticApp"
  },
  "properties": {
    "templateHash": "11212954121191258803",
    "parameters": {
      "name": {
        "type": "String",
        "value": "StatiC"
      },
      "location": {
        "type": "String",
        "value": "centralus"
      },
      "sku": {
        "type": "String",
        "value": "Standard"
      },
      "skucode": {
        "type": "String",
        "value": "Standard"
      },
      "repositoryUrl": {
        "type": "String",
        "value": "https://github.com/jocall3/king"
      },
      "branch": {
        "type": "String",
        "value": "Master"
      },
      "repositoryToken": {
        "type": "SecureString"
      },
      "appLocation": {
        "type": "String",
        "value": "/"
      },
      "apiLocation": {
        "type": "String",
        "value": ""
      },
      "appArtifactLocation": {
        "type": "String",
        "value": ""
      }
    },
    "mode": "Incremental",
    "debugSetting": {
      "detailLevel": "None"
    },
    "provisioningState": "Succeeded",
    "timestamp": "2022-04-15T05:37:26.1790415Z",
    "duration": "PT5.5608743S",
    "correlationId": "1eb5cba6-bf97-426f-9cb2-91798601a237",
    "providers": [
      {
        "namespace": "Microsoft.Web",
        "resourceTypes": [
          {
            "resourceType": "staticSites",
            "locations": [
              "centralus"
            ]
          }
        ]
      }
    ],
    "dependencies": [],
    "outputResources": [
      {
        "id": "/subscriptions/aba6fac4-db66-4d0c-8bce-e11e744b44df/resourceGroups/IOTC/providers/Microsoft.Web/staticSites/StatiC"
      }
    ],
    "validationLevel": "Template"
  }
}