{
  "id": "/subscriptions/aba6fac4-db66-4d0c-8bce-e11e744b44df/providers/Microsoft.Resources/deployments/47c223d3-031f-4566-b4d7-26befa20c529",
  "name": "47c223d3-031f-4566-b4d7-26befa20c529",
  "type": "Microsoft.Resources/deployments",
  "location": "centralus",
  "tags": {
    "marketplaceItemId": "servent.servent-azure-hours-bank",
    "provisioningHash": "fd5f86d9-bc92-4ef4-9aa1-38f880348549"
  },
  "properties": {
    "templateHash": "9066690161837384525",
    "parameters": {
      "name": {
        "type": "String",
        "value": "caa22925-a776-49db-af60-1a2189d0132e"
      },
      "definitionName": {
        "type": "String",
        "value": "The Bank "
      },
      "definitionDescription": {
        "type": "String",
        "value": "Everybody goes to the bank by Tony Montana"
      },
      "managedByTenantId": {
        "type": "String",
        "value": "aa7b14b6-d220-4a6e-8841-4cdb18ab0acc"
      },
      "authorizations": {
        "type": "Array",
        "value": [
          {
            "principalId": "c5850572-d879-4036-af43-1889a03b2876",
            "principalIdDisplayName": "Servent - Subscription - Owners",
            "roleDefinitionId": "b24988ac-6180-42a0-ab88-20f7382dd24c",
            "delegatedRoleDefinitionIds": []
          }
        ]
      },
      "eligibleAuthorizations": {
        "type": "Array",
        "value": []
      },
      "publisherId": {
        "type": "String",
        "value": "servent"
      },
      "offerId": {
        "type": "String",
        "value": "servent-azure-hours-bank"
      },
      "planId": {
        "type": "String",
        "value": "azure-hours-bank-service-plan"
      },
      "planVersion": {
        "type": "String",
        "value": "0.0.1"
      },
      "apiVersion": {
        "type": "String",
        "value": "2020-02-01-preview"
      }
    },
    "mode": "Incremental",
    "debugSetting": {
      "detailLevel": "None"
    },
    "provisioningState": "Succeeded",
    "timestamp": "2022-04-16T01:44:46.5773636Z",
    "duration": "PT2.8790401S",
    "correlationId": "344861e7-7e3c-4ba0-8144-32cc6cc0fe2f",
    "providers": [
      {
        "namespace": "Microsoft.ManagedServices",
        "resourceTypes": [
          {
            "resourceType": "registrationDefinitions",
            "locations": [
              null
            ]
          }
        ]
      }
    ],
    "dependencies": [],
    "outputResources": [
      {
        "id": "/subscriptions/aba6fac4-db66-4d0c-8bce-e11e744b44df/providers/Microsoft.ManagedServices/registrationDefinitions/caa22925-a776-49db-af60-1a2189d0132e"
      }
    ],
    "validationLevel": "Template"
  }
}