[
  {
    "id": "/subscriptions/aba6fac4-db66-4d0c-8bce-e11e744b44df/providers/Microsoft.Resources/deployments/47c223d3-031f-4566-b4d7-26befa20c529/operations/E4D9646ACF40EAC7",
    "operationId": "E4D9646ACF40EAC7",
    "properties": {
      "provisioningOperation": "Create",
      "provisioningState": "Succeeded",
      "timestamp": "2022-04-16T01:44:46.1856033Z",
      "duration": "PT1.9417301S",
      "trackingId": "cbbe00b3-590b-44c6-8189-dac3ea999c7b",
      "statusCode": "Created",
      "targetResource": {
        "id": "/subscriptions/aba6fac4-db66-4d0c-8bce-e11e744b44df/providers/Microsoft.ManagedServices/registrationDefinitions/caa22925-a776-49db-af60-1a2189d0132e",
        "resourceType": "Microsoft.ManagedServices/registrationDefinitions",
        "resourceName": "caa22925-a776-49db-af60-1a2189d0132e"
      }
    }
  },
  {
    "id": "/subscriptions/aba6fac4-db66-4d0c-8bce-e11e744b44df/providers/Microsoft.Resources/deployments/47c223d3-031f-4566-b4d7-26befa20c529/operations/08585515334037329394",
    "operationId": "08585515334037329394",
    "properties": {
      "provisioningOperation": "EvaluateDeploymentOutput",
      "provisioningState": "Succeeded",
      "timestamp": "2022-04-16T01:44:46.4876905Z",
      "duration": "PT2.2438173S",
      "trackingId": "f30eb17e-6a3f-47e9-b53c-2542bb6050e2",
      "statusCode": "OK"
    }
  }
]