{
  "id": "/subscriptions/aba6fac4-db66-4d0c-8bce-e11e744b44df/resourceGroups/AzureQuantum/providers/Microsoft.Resources/deployments/Microsoft.CognitiveServicesImmersiveReader-20220407054539",
  "name": "Microsoft.CognitiveServicesImmersiveReader-20220407054539",
  "type": "Microsoft.Resources/deployments",
  "tags": {
    "marketplaceItemId": "Microsoft.CognitiveServicesImmersiveReader"
  },
  "properties": {
    "templateHash": "16550095442351542356",
    "parameters": {
      "name": {
        "type": "String",
        "value": "Nolie"
      },
      "location": {
        "type": "String",
        "value": "eastus"
      },
      "resourceGroupName": {
        "type": "String",
        "value": "AzureQuantum"
      },
      "resourceGroupId": {
        "type": "String",
        "value": "/subscriptions/aba6fac4-db66-4d0c-8bce-e11e744b44df/resourceGroups/AzureQuantum"
      },
      "sku": {
        "type": "String",
        "value": "S0"
      },
      "tagValues": {
        "type": "Object",
        "value": {
          "Microsoft.CognitiveServices/accounts": {
            "ms-resource-usage": "azure-cloud-shell",
            "tracking": "ece2817a-13c3-4202-83ae-1269b569940"
          }
        }
      },
      "virtualNetworkType": {
        "type": "String",
        "value": "None"
      },
      "vnet": {
        "type": "Object",
        "value": {}
      },
      "ipRules": {
        "type": "Array",
        "value": []
      },
      "identity": {
        "type": "Object",
        "value": {
          "type": "None"
        }
      },
      "privateEndpoints": {
        "type": "Array",
        "value": []
      }
    },
    "mode": "Incremental",
    "debugSetting": {
      "detailLevel": "None"
    },
    "provisioningState": "Running",
    "timestamp": "2022-04-07T09:47:42.8738521Z",
    "duration": "PT0.6427027S",
    "correlationId": "f4034d76-5341-4b76-8edb-bae345316e2d",
    "providers": [
      {
        "namespace": "Microsoft.CognitiveServices",
        "resourceTypes": [
          {
            "resourceType": "accounts",
            "locations": [
              "eastus"
            ]
          }
        ]
      }
    ],
    "dependencies": [
      {
        "dependsOn": [
          {
            "id": "/subscriptions/aba6fac4-db66-4d0c-8bce-e11e744b44df/resourceGroups/AzureQuantum/providers/Microsoft.Resources/deployments/deployVnet",
            "resourceType": "Microsoft.Resources/deployments",
            "resourceName": "deployVnet"
          }
        ],
        "id": "/subscriptions/aba6fac4-db66-4d0c-8bce-e11e744b44df/resourceGroups/AzureQuantum/providers/Microsoft.CognitiveServices/accounts/Nolie",
        "resourceType": "Microsoft.CognitiveServices/accounts",
        "resourceName": "Nolie"
      }
    ],
    "validationLevel": "Template"
  }
}