{
  "id": "/subscriptions/aba6fac4-db66-4d0c-8bce-e11e744b44df/resourceGroups/kuber/providers/Microsoft.Resources/deployments/envision_blockchain-5199407.trustedtoken-20220414164049",
  "name": "envision_blockchain-5199407.trustedtoken-20220414164049",
  "type": "Microsoft.Resources/deployments",
  "tags": {
    "marketplaceItemId": "envision_blockchain-5199407.trustedtoken1"
  },
  "properties": {
    "templateLink": {
      "uri": "https://catalogartifact.azureedge.net/publicartifacts/envision_blockchain-5199407.trustedtoken-76bcfa22-0bcd-4654-ac83-99294880f26c-1/Artifacts/mainTemplate.json",
      "contentVersion": "1.0.0.0"
    },
    "templateHash": "16383406179798773121",
    "parameters": {
      "location": {
        "type": "String",
        "value": "westeurope"
      },
      "vmName": {
        "type": "String",
        "value": "linux-vm"
      },
      "adminUsername": {
        "type": "String",
        "value": "Jocallaghan2"
      },
      "authenticationType": {
        "type": "String",
        "value": "password"
      },
      "adminPasswordOrKey": {
        "type": "SecureString"
      },
      "vmSize": {
        "type": "String",
        "value": "Standard_D2_v2"
      },
      "storageNewOrExisting": {
        "type": "String",
        "value": "new"
      },
      "storageAccountName": {
        "type": "String",
        "value": "linuxvmbfd681c939"
      },
      "storageAccountType": {
        "type": "String",
        "value": "Standard_LRS"
      },
      "storageAccountResourceGroupName": {
        "type": "String",
        "value": "kuber"
      },
      "virtualNetworkNewOrExisting": {
        "type": "String",
        "value": "new"
      },
      "virtualNetworkName": {
        "type": "String",
        "value": "VirtualNetwork"
      },
      "addressPrefixes": {
        "type": "Array",
        "value": [
          "10.3.0.0/16"
        ]
      },
      "subnetName": {
        "type": "String",
        "value": "Subnet-1"
      },
      "subnetPrefix": {
        "type": "String",
        "value": "10.3.0.0/24"
      },
      "virtualNetworkResourceGroupName": {
        "type": "String",
        "value": "kuber"
      },
      "publicIpNewOrExisting": {
        "type": "String",
        "value": "new"
      },
      "publicIpName": {
        "type": "String",
        "value": "linux-vm-ip"
      },
      "publicIpDns": {
        "type": "String",
        "value": "linux-vm-bd09f9ea6a"
      },
      "publicIpResourceGroupName": {
        "type": "String",
        "value": "kuber"
      },
      "publicIpAllocationMethod": {
        "type": "String",
        "value": "Dynamic"
      },
      "publicIpSku": {
        "type": "String",
        "value": "Basic"
      },
      "_artifactsLocation": {
        "type": "String",
        "value": "https://catalogartifact.azureedge.net/publicartifacts/envision_blockchain-5199407.trustedtoken-76bcfa22-0bcd-4654-ac83-99294880f26c-1/Artifacts/mainTemplate.json"
      },
      "_artifactsLocationSasToken": {
        "type": "SecureString"
      }
    },
    "mode": "Incremental",
    "debugSetting": {
      "detailLevel": "None"
    },
    "provisioningState": "Running",
    "timestamp": "2022-04-14T20:43:58.8098036Z",
    "duration": "PT4.377964S",
    "correlationId": "826f67dc-29bc-4a3d-bb0b-515d770f16ab",
    "providers": [
      {
        "namespace": "Microsoft.Resources",
        "resourceTypes": [
          {
            "resourceType": "deployments",
            "locations": [
              null
            ]
          }
        ]
      },
      {
        "namespace": "Microsoft.Storage",
        "resourceTypes": [
          {
            "resourceType": "storageAccounts",
            "locations": [
              "westeurope"
            ]
          }
        ]
      },
      {
        "namespace": "Microsoft.Network",
        "resourceTypes": [
          {
            "resourceType": "publicIPAddresses",
            "locations": [
              "westeurope"
            ]
          },
          {
            "resourceType": "virtualNetworks",
            "locations": [
              "westeurope"
            ]
          },
          {
            "resourceType": "networkSecurityGroups",
            "locations": [
              "westeurope"
            ]
          },
          {
            "resourceType": "networkInterfaces",
            "locations": [
              "westeurope"
            ]
          }
        ]
      },
      {
        "namespace": "Microsoft.Compute",
        "resourceTypes": [
          {
            "resourceType": "virtualMachines",
            "locations": [
              "westeurope"
            ]
          },
          {
            "resourceType": "virtualMachines/extensions",
            "locations": [
              "westeurope"
            ]
          }
        ]
      }
    ],
    "dependencies": [
      {
        "dependsOn": [
          {
            "id": "/subscriptions/aba6fac4-db66-4d0c-8bce-e11e744b44df/resourceGroups/kuber/providers/Microsoft.Network/publicIPAddresses/linux-vm-ip",
            "resourceType": "Microsoft.Network/publicIPAddresses",
            "resourceName": "linux-vm-ip"
          },
          {
            "id": "/subscriptions/aba6fac4-db66-4d0c-8bce-e11e744b44df/resourceGroups/kuber/providers/Microsoft.Network/virtualNetworks/VirtualNetwork",
            "resourceType": "Microsoft.Network/virtualNetworks",
            "resourceName": "VirtualNetwork"
          },
          {
            "id": "/subscriptions/aba6fac4-db66-4d0c-8bce-e11e744b44df/resourceGroups/kuber/providers/Microsoft.Network/networkSecurityGroups/nsg-ssh",
            "resourceType": "Microsoft.Network/networkSecurityGroups",
            "resourceName": "nsg-ssh"
          }
        ],
        "id": "/subscriptions/aba6fac4-db66-4d0c-8bce-e11e744b44df/resourceGroups/kuber/providers/Microsoft.Network/networkInterfaces/linux-vm-nic",
        "resourceType": "Microsoft.Network/networkInterfaces",
        "resourceName": "linux-vm-nic"
      },
      {
        "dependsOn": [
          {
            "id": "/subscriptions/aba6fac4-db66-4d0c-8bce-e11e744b44df/resourceGroups/kuber/providers/Microsoft.Storage/storageAccounts/linuxvmbfd681c939",
            "resourceType": "Microsoft.Storage/storageAccounts",
            "resourceName": "linuxvmbfd681c939"
          },
          {
            "id": "/subscriptions/aba6fac4-db66-4d0c-8bce-e11e744b44df/resourceGroups/kuber/providers/Microsoft.Network/networkInterfaces/linux-vm-nic",
            "resourceType": "Microsoft.Network/networkInterfaces",
            "resourceName": "linux-vm-nic"
          },
          {
            "id": "/subscriptions/aba6fac4-db66-4d0c-8bce-e11e744b44df/resourceGroups/kuber/providers/Microsoft.Storage/storageAccounts/linuxvmbfd681c939",
            "resourceType": "Microsoft.Storage/storageAccounts",
            "resourceName": "linuxvmbfd681c939",
            "apiVersion": "2018-02-01"
          }
        ],
        "id": "/subscriptions/aba6fac4-db66-4d0c-8bce-e11e744b44df/resourceGroups/kuber/providers/Microsoft.Compute/virtualMachines/linux-vm",
        "resourceType": "Microsoft.Compute/virtualMachines",
        "resourceName": "linux-vm"
      },
      {
        "dependsOn": [
          {
            "id": "/subscriptions/aba6fac4-db66-4d0c-8bce-e11e744b44df/resourceGroups/kuber/providers/Microsoft.Compute/virtualMachines/linux-vm",
            "resourceType": "Microsoft.Compute/virtualMachines",
            "resourceName": "linux-vm"
          }
        ],
        "id": "/subscriptions/aba6fac4-db66-4d0c-8bce-e11e744b44df/resourceGroups/kuber/providers/Microsoft.Compute/virtualMachines/linux-vm/extensions/configScript",
        "resourceType": "Microsoft.Compute/virtualMachines/extensions",
        "resourceName": "linux-vm/configScript"
      }
    ],
    "validationLevel": "Template"
  }
}