{
  "id": "/subscriptions/aba6fac4-db66-4d0c-8bce-e11e744b44df/resourceGroups/resource-banks-james-burvel-jocall3/providers/Microsoft.Resources/deployments/Microsoft.Web-AppServiceCertificates-Portal-5bfb7c56-9c97",
  "name": "Microsoft.Web-AppServiceCertificates-Portal-5bfb7c56-9c97",
  "type": "Microsoft.Resources/deployments",
  "tags": {
    "primaryResourceId": "/subscriptions/aba6fac4-db66-4d0c-8bce-e11e744b44df/resourcegroups/resource-banks-james-burvel-jocall3/providers/Microsoft.CertificateRegistration/certificateOrders/CertificateAuthority",
    "marketplaceItemId": "Microsoft.SSL"
  },
  "properties": {
    "templateHash": "6310475128639928421",
    "parameters": {
      "subscriptionId": {
        "type": "String",
        "value": "aba6fac4-db66-4d0c-8bce-e11e744b44df"
      },
      "resourceGroup": {
        "type": "String",
        "value": "resource-banks-james-burvel-jocall3"
      },
      "certificateOrderName": {
        "type": "String",
        "value": "CertificateAuthority"
      },
      "distinguishedName": {
        "type": "String",
        "value": "CN=JamesOcallaghanPrivateBankSRO-W3.com"
      },
      "productType": {
        "type": "String",
        "value": "StandardDomainValidatedSsl"
      },
      "autoRenew": {
        "type": "Bool",
        "value": true
      }
    },
    "mode": "Incremental",
    "debugSetting": {
      "detailLevel": "None"
    },
    "provisioningState": "Running",
    "timestamp": "2022-04-07T05:27:52.3677098Z",
    "duration": "PT0.2365603S",
    "correlationId": "8dbdfe4d-3491-49e8-a693-5e2748831921",
    "providers": [
      {
        "namespace": "Microsoft.CertificateRegistration",
        "resourceTypes": [
          {
            "resourceType": "certificateOrders",
            "locations": [
              "global"
            ]
          }
        ]
      }
    ],
    "dependencies": [],
    "validationLevel": "Template"
  }
}