[
  {
    "id": "/subscriptions/aba6fac4-db66-4d0c-8bce-e11e744b44df/resourceGroups/cloud-shell-storage-eastus/providers/Microsoft.Resources/deployments/Microsoft.CloudNativeTesting1650034785129/operations/CEFDB4BAFDAADC05",
    "operationId": "CEFDB4BAFDAADC05",
    "properties": {
      "provisioningOperation": "Create",
      "provisioningState": "Running",
      "timestamp": "2022-04-15T14:59:51.1666572Z",
      "duration": "PT2.7571652S",
      "trackingId": "d2582371-740a-431a-b6a2-a1c955bb3e33",
      "statusCode": "Created",
      "targetResource": {
        "id": "/subscriptions/aba6fac4-db66-4d0c-8bce-e11e744b44df/resourceGroups/cloud-shell-storage-eastus/providers/Microsoft.LoadTestService/loadtests/Included",
        "resourceType": "Microsoft.LoadTestService/loadtests",
        "resourceName": "Included"
      }
    }
  }
]