{
  "id": "/subscriptions/aba6fac4-db66-4d0c-8bce-e11e744b44df/resourceGroups/cloud-shell-storage-eastus/providers/Microsoft.Resources/deployments/Microsoft.CloudNativeTesting1650034785129",
  "name": "Microsoft.CloudNativeTesting1650034785129",
  "type": "Microsoft.Resources/deployments",
  "tags": {
    "primaryResourceId": "/subscriptions/aba6fac4-db66-4d0c-8bce-e11e744b44df/resourcegroups/cloud-shell-storage-eastus/providers/Microsoft.LoadTestService/loadtests/Included",
    "marketplaceItemId": "Microsoft.CloudNativeTesting"
  },
  "properties": {
    "templateHash": "16552053850702395745",
    "parameters": {
      "name": {
        "type": "String",
        "value": "Included"
      },
      "location": {
        "type": "String",
        "value": "eastus"
      },
      "tags": {
        "type": "Object",
        "value": {
          "aks-managed-cluster-name": "calmstone-56887883",
          "tracking": "ece2817a-13c3-4202-83ae-1269b569940"
        }
      }
    },
    "mode": "Incremental",
    "debugSetting": {
      "detailLevel": "None"
    },
    "provisioningState": "Succeeded",
    "timestamp": "2022-04-15T15:00:06.5062979Z",
    "duration": "PT18.771681S",
    "correlationId": "0d3546fc-ee4c-434f-ab12-221d29306246",
    "providers": [
      {
        "namespace": "Microsoft.LoadTestService",
        "resourceTypes": [
          {
            "resourceType": "loadtests",
            "locations": [
              "eastus"
            ]
          }
        ]
      }
    ],
    "dependencies": [],
    "outputResources": [
      {
        "id": "/subscriptions/aba6fac4-db66-4d0c-8bce-e11e744b44df/resourceGroups/cloud-shell-storage-eastus/providers/Microsoft.LoadTestService/loadtests/Included"
      }
    ],
    "validationLevel": "Template"
  }
}