[
  {
    "id": "/subscriptions/aba6fac4-db66-4d0c-8bce-e11e744b44df/resourceGroups/AzureQuantum/providers/Microsoft.Resources/deployments/Microsoft.Web-LogicApp-Portal-ec05992f-af14/operations/C47DF5F51F6769B8",
    "operationId": "C47DF5F51F6769B8",
    "properties": {
      "provisioningOperation": "Create",
      "provisioningState": "Succeeded",
      "timestamp": "2022-04-07T10:09:57.6858503Z",
      "duration": "PT7.0944264S",
      "trackingId": "5823d739-ade9-43ff-99e2-1f6cd032ff71",
      "statusCode": "OK",
      "targetResource": {
        "id": "/subscriptions/aba6fac4-db66-4d0c-8bce-e11e744b44df/resourceGroups/AzureQuantum/providers/Microsoft.Web/serverfarms/ASP-AzureQuantum-a627",
        "resourceType": "Microsoft.Web/serverfarms",
        "resourceName": "ASP-AzureQuantum-a627"
      }
    }
  },
  {
    "id": "/subscriptions/aba6fac4-db66-4d0c-8bce-e11e744b44df/resourceGroups/AzureQuantum/providers/Microsoft.Resources/deployments/Microsoft.Web-LogicApp-Portal-ec05992f-af14/operations/CCD06D6C0859C141",
    "operationId": "CCD06D6C0859C141",
    "properties": {
      "provisioningOperation": "Create",
      "provisioningState": "Running",
      "timestamp": "2022-04-07T10:09:53.3876797Z",
      "duration": "PT2.7962558S",
      "trackingId": "31560bc4-32f9-4be7-b538-a174031d5de5",
      "statusCode": "Accepted",
      "targetResource": {
        "id": "/subscriptions/aba6fac4-db66-4d0c-8bce-e11e744b44df/resourceGroups/AzureQuantum/providers/Microsoft.Storage/storageAccounts/azurequantumb601",
        "resourceType": "Microsoft.Storage/storageAccounts",
        "resourceName": "azurequantumb601"
      }
    }
  },
  {
    "id": "/subscriptions/aba6fac4-db66-4d0c-8bce-e11e744b44df/resourceGroups/AzureQuantum/providers/Microsoft.Resources/deployments/Microsoft.Web-LogicApp-Portal-ec05992f-af14/operations/6A646CC2349EC8FE",
    "operationId": "6A646CC2349EC8FE",
    "properties": {
      "provisioningOperation": "Create",
      "provisioningState": "Running",
      "timestamp": "2022-04-07T10:09:52.1490905Z",
      "duration": "PT1.5576666S",
      "trackingId": "1e3eb5df-3d56-48f7-8c94-b5256af1cd33",
      "statusCode": "Created",
      "targetResource": {
        "id": "/subscriptions/aba6fac4-db66-4d0c-8bce-e11e744b44df/resourceGroups/DefaultResourceGroup-CUS/providers/Microsoft.Resources/deployments/newWorkspaceTemplate",
        "resourceType": "Microsoft.Resources/deployments",
        "resourceName": "newWorkspaceTemplate"
      }
    }
  }
]