{
  "id": "/subscriptions/aba6fac4-db66-4d0c-8bce-e11e744b44df/resourceGroups/AzureQuantum/providers/Microsoft.Resources/deployments/Microsoft.Web-LogicApp-Portal-ec05992f-af14",
  "name": "Microsoft.Web-LogicApp-Portal-ec05992f-af14",
  "type": "Microsoft.Resources/deployments",
  "tags": {
    "primaryResourceId": "/subscriptions/aba6fac4-db66-4d0c-8bce-e11e744b44df/resourcegroups/AzureQuantum/providers/Microsoft.Web/sites/AzureQuantum",
    "marketplaceItemId": "Microsoft.LogicApp",
    "provisioningHash": "customize-post-provisioning-steps-functionapp-deployment"
  },
  "properties": {
    "templateHash": "7516104906861269443",
    "parameters": {
      "subscriptionId": {
        "type": "String",
        "value": "aba6fac4-db66-4d0c-8bce-e11e744b44df"
      },
      "name": {
        "type": "String",
        "value": "AzureQuantum"
      },
      "location": {
        "type": "String",
        "value": "Central US"
      },
      "hostingPlanName": {
        "type": "String",
        "value": "ASP-AzureQuantum-a627"
      },
      "serverFarmResourceGroup": {
        "type": "String",
        "value": "AzureQuantum"
      },
      "alwaysOn": {
        "type": "Bool",
        "value": false
      },
      "use32BitWorkerProcess": {
        "type": "Bool",
        "value": true
      },
      "storageAccountName": {
        "type": "String",
        "value": "azurequantumb601"
      },
      "sku": {
        "type": "String",
        "value": "WorkflowStandard"
      },
      "skuCode": {
        "type": "String",
        "value": "WS1"
      },
      "workerSize": {
        "type": "String",
        "value": "3"
      },
      "workerSizeId": {
        "type": "String",
        "value": "3"
      },
      "numberOfWorkers": {
        "type": "String",
        "value": "1"
      }
    },
    "mode": "Incremental",
    "debugSetting": {
      "detailLevel": "None"
    },
    "provisioningState": "Running",
    "timestamp": "2022-04-07T10:09:53.3505767Z",
    "duration": "PT3.1214206S",
    "correlationId": "bbc24341-890a-490d-b532-7d747f2a39b4",
    "providers": [
      {
        "namespace": "Microsoft.Web",
        "resourceTypes": [
          {
            "resourceType": "sites",
            "locations": [
              "centralus"
            ]
          },
          {
            "resourceType": "serverfarms",
            "locations": [
              "centralus"
            ]
          }
        ]
      },
      {
        "namespace": "microsoft.insights",
        "resourceTypes": [
          {
            "resourceType": "components",
            "locations": [
              "centralus"
            ]
          }
        ]
      },
      {
        "namespace": "Microsoft.Storage",
        "resourceTypes": [
          {
            "resourceType": "storageAccounts",
            "locations": [
              "centralus"
            ]
          }
        ]
      },
      {
        "namespace": "Microsoft.Resources",
        "resourceTypes": [
          {
            "resourceType": "deployments",
            "locations": [
              null
            ]
          }
        ]
      }
    ],
    "dependencies": [
      {
        "dependsOn": [
          {
            "id": "/subscriptions/aba6fac4-db66-4d0c-8bce-e11e744b44df/resourceGroups/AzureQuantum/providers/microsoft.insights/components/AzureQuantum",
            "resourceType": "microsoft.insights/components",
            "resourceName": "AzureQuantum"
          },
          {
            "id": "/subscriptions/aba6fac4-db66-4d0c-8bce-e11e744b44df/resourceGroups/AzureQuantum/providers/Microsoft.Web/serverfarms/ASP-AzureQuantum-a627",
            "resourceType": "Microsoft.Web/serverfarms",
            "resourceName": "ASP-AzureQuantum-a627"
          },
          {
            "id": "/subscriptions/aba6fac4-db66-4d0c-8bce-e11e744b44df/resourceGroups/AzureQuantum/providers/Microsoft.Storage/storageAccounts/azurequantumb601",
            "resourceType": "Microsoft.Storage/storageAccounts",
            "resourceName": "azurequantumb601"
          },
          {
            "id": "/subscriptions/aba6fac4-db66-4d0c-8bce-e11e744b44df/resourceGroups/AzureQuantum/providers/microsoft.insights/components/AzureQuantum",
            "resourceType": "microsoft.insights/components",
            "resourceName": "AzureQuantum",
            "apiVersion": "2015-05-01"
          },
          {
            "id": "/subscriptions/aba6fac4-db66-4d0c-8bce-e11e744b44df/resourceGroups/AzureQuantum/providers/Microsoft.Storage/storageAccounts/azurequantumb601",
            "resourceType": "Microsoft.Storage/storageAccounts",
            "resourceName": "azurequantumb601",
            "actionName": "listKeys",
            "apiVersion": "2019-06-01"
          }
        ],
        "id": "/subscriptions/aba6fac4-db66-4d0c-8bce-e11e744b44df/resourceGroups/AzureQuantum/providers/Microsoft.Web/sites/AzureQuantum",
        "resourceType": "Microsoft.Web/sites",
        "resourceName": "AzureQuantum"
      },
      {
        "dependsOn": [
          {
            "id": "/subscriptions/aba6fac4-db66-4d0c-8bce-e11e744b44df/resourceGroups/DefaultResourceGroup-CUS/providers/Microsoft.Resources/deployments/newWorkspaceTemplate",
            "resourceType": "Microsoft.Resources/deployments",
            "resourceName": "newWorkspaceTemplate"
          }
        ],
        "id": "/subscriptions/aba6fac4-db66-4d0c-8bce-e11e744b44df/resourceGroups/AzureQuantum/providers/microsoft.insights/components/AzureQuantum",
        "resourceType": "microsoft.insights/components",
        "resourceName": "AzureQuantum"
      }
    ],
    "validationLevel": "Template"
  }
}