{
  "id": "/subscriptions/aba6fac4-db66-4d0c-8bce-e11e744b44df/resourceGroups/AzureQuantum/providers/Microsoft.Resources/deployments/CreateRemoteRenderingForm_dx-20220407055841",
  "name": "CreateRemoteRenderingForm_dx-20220407055841",
  "type": "Microsoft.Resources/deployments",
  "tags": {
    "marketplaceItemId": ""
  },
  "properties": {
    "templateHash": "4753133538392915180",
    "parameters": {
      "name": {
        "type": "String",
        "value": "Autog"
      },
      "location": {
        "type": "String",
        "value": "eastus"
      },
      "tagsByResource": {
        "type": "Object",
        "value": {
          "Microsoft.MixedReality/remoteRenderingAccounts": {
            "tracking": "ece2817a-13c3-4202-83ae-1269b569940"
          }
        }
      }
    },
    "mode": "Incremental",
    "debugSetting": {
      "detailLevel": "None"
    },
    "provisioningState": "Running",
    "timestamp": "2022-04-07T09:59:46.2683954Z",
    "duration": "PT0.2235892S",
    "correlationId": "156ba523-5069-4579-b274-6aa6965ef896",
    "providers": [
      {
        "namespace": "Microsoft.MixedReality",
        "resourceTypes": [
          {
            "resourceType": "remoteRenderingAccounts",
            "locations": [
              "eastus"
            ]
          }
        ]
      }
    ],
    "dependencies": [],
    "validationLevel": "Template"
  }
}