{
  "id": "/subscriptions/aba6fac4-db66-4d0c-8bce-e11e744b44df/resourceGroups/AzureQuantum/providers/Microsoft.Resources/deployments/Chjvbjibbh-476725",
  "name": "Chjvbjibbh-476725",
  "type": "Microsoft.Resources/deployments",
  "tags": {
    "primaryResourceId": "/subscriptions/aba6fac4-db66-4d0c-8bce-e11e744b44df/resourcegroups/AzureQuantum/providers/Microsoft.Devices/ProvisioningServices/Chjvbjibbh",
    "marketplaceItemId": "Microsoft.IoTDeviceProvisioning",
    "provisioningHash": "Chjvbjibbh-476725"
  },
  "properties": {
    "templateHash": "16529506663539839074",
    "parameters": {
      "name": {
        "type": "String",
        "value": "Chjvbjibbh"
      },
      "location": {
        "type": "String",
        "value": "eastus"
      },
      "features": {
        "type": "String",
        "value": "None"
      },
      "tags": {
        "type": "Object",
        "value": {}
      },
      "enableDataResidency": {
        "type": "Bool",
        "value": false
      },
      "cloudEnvironment": {
        "type": "String",
        "value": "public"
      }
    },
    "mode": "Incremental",
    "debugSetting": {
      "detailLevel": "None"
    },
    "provisioningState": "Running",
    "timestamp": "2022-04-07T10:07:27.5044088Z",
    "duration": "PT0.2770015S",
    "correlationId": "cc787c43-7388-450d-8da0-f77e599f8741",
    "providers": [
      {
        "namespace": "Microsoft.Devices",
        "resourceTypes": [
          {
            "resourceType": "ProvisioningServices",
            "locations": [
              "eastus"
            ]
          }
        ]
      }
    ],
    "dependencies": [],
    "validationLevel": "Template"
  }
}