{
  "id": "/subscriptions/aba6fac4-db66-4d0c-8bce-e11e744b44df/resourceGroups/III_group/providers/Microsoft.Resources/deployments/CreateVm-athinfosystems1641442221349.bitcoin-bitc-20220414020717",
  "name": "CreateVm-athinfosystems1641442221349.bitcoin-bitc-20220414020717",
  "type": "Microsoft.Resources/deployments",
  "tags": {
    "primaryResourceId": "/subscriptions/aba6fac4-db66-4d0c-8bce-e11e744b44df/resourcegroups/III_group/providers/Microsoft.Compute/virtualMachines/III",
    "marketplaceItemId": "athinfosystems1641442221349.bitcoin",
    "provisioningHash": "SolutionProvider"
  },
  "properties": {
    "templateHash": "18080855549277046659",
    "parameters": {
      "location": {
        "type": "String",
        "value": "centralus"
      },
      "networkInterfaceName": {
        "type": "String",
        "value": "iii749"
      },
      "networkSecurityGroupName": {
        "type": "String",
        "value": "III-nsg"
      },
      "networkSecurityGroupRules": {
        "type": "Array",
        "value": [
          {
            "name": "SSH",
            "properties": {
              "priority": 1010,
              "protocol": "TCP",
              "access": "Allow",
              "direction": "Inbound",
              "sourceApplicationSecurityGroups": [],
              "destinationApplicationSecurityGroups": [],
              "sourceAddressPrefix": "*",
              "sourcePortRange": "*",
              "destinationAddressPrefix": "*",
              "destinationPortRange": "22"
            }
          },
          {
            "name": "HTTP",
            "properties": {
              "priority": 1020,
              "protocol": "TCP",
              "access": "Allow",
              "direction": "Inbound",
              "sourceApplicationSecurityGroups": [],
              "destinationApplicationSecurityGroups": [],
              "sourceAddressPrefix": "*",
              "sourcePortRange": "*",
              "destinationAddressPrefix": "*",
              "destinationPortRange": "80"
            }
          },
          {
            "name": "HTTPS",
            "properties": {
              "priority": 1030,
              "protocol": "TCP",
              "access": "Allow",
              "direction": "Inbound",
              "sourceApplicationSecurityGroups": [],
              "destinationApplicationSecurityGroups": [],
              "sourceAddressPrefix": "*",
              "sourcePortRange": "*",
              "destinationAddressPrefix": "*",
              "destinationPortRange": "443"
            }
          },
          {
            "name": "RDP",
            "properties": {
              "priority": 1040,
              "protocol": "TCP",
              "access": "Allow",
              "direction": "Inbound",
              "sourceApplicationSecurityGroups": [],
              "destinationApplicationSecurityGroups": [],
              "sourceAddressPrefix": "*",
              "sourcePortRange": "*",
              "destinationAddressPrefix": "*",
              "destinationPortRange": "3389"
            }
          }
        ]
      },
      "subnetName": {
        "type": "String",
        "value": "default"
      },
      "virtualNetworkName": {
        "type": "String",
        "value": "III_group-vnet"
      },
      "addressPrefixes": {
        "type": "Array",
        "value": [
          "10.2.0.0/16"
        ]
      },
      "subnets": {
        "type": "Array",
        "value": [
          {
            "name": "default",
            "properties": {
              "addressPrefix": "10.2.0.0/24"
            }
          }
        ]
      },
      "publicIpAddressName": {
        "type": "String",
        "value": "III-ip"
      },
      "publicIpAddressType": {
        "type": "String",
        "value": "Dynamic"
      },
      "publicIpAddressSku": {
        "type": "String",
        "value": "Basic"
      },
      "pipDeleteOption": {
        "type": "String",
        "value": "Detach"
      },
      "virtualMachineName": {
        "type": "String",
        "value": "III"
      },
      "virtualMachineComputerName": {
        "type": "String",
        "value": "III"
      },
      "virtualMachineRG": {
        "type": "String",
        "value": "III_group"
      },
      "osDiskType": {
        "type": "String",
        "value": "Premium_LRS"
      },
      "osDiskDeleteOption": {
        "type": "String",
        "value": "Delete"
      },
      "virtualMachineSize": {
        "type": "String",
        "value": "Standard_DS1"
      },
      "nicDeleteOption": {
        "type": "String",
        "value": "Detach"
      },
      "adminUsername": {
        "type": "String",
        "value": "azureuser"
      },
      "adminPublicKey": {
        "type": "SecureString"
      }
    },
    "mode": "Incremental",
    "debugSetting": {
      "detailLevel": "None"
    },
    "provisioningState": "Running",
    "timestamp": "2022-04-14T06:07:56.6358576Z",
    "duration": "PT0.685549S",
    "correlationId": "6a9316dc-ed5a-4a25-82f4-7dcf37e4b61a",
    "providers": [
      {
        "namespace": "Microsoft.Network",
        "resourceTypes": [
          {
            "resourceType": "networkInterfaces",
            "locations": [
              "centralus"
            ]
          },
          {
            "resourceType": "networkSecurityGroups",
            "locations": [
              "centralus"
            ]
          },
          {
            "resourceType": "virtualNetworks",
            "locations": [
              "centralus"
            ]
          },
          {
            "resourceType": "publicIpAddresses",
            "locations": [
              "centralus"
            ]
          }
        ]
      },
      {
        "namespace": "Microsoft.Compute",
        "resourceTypes": [
          {
            "resourceType": "virtualMachines",
            "locations": [
              "centralus"
            ]
          }
        ]
      }
    ],
    "dependencies": [
      {
        "dependsOn": [
          {
            "id": "/subscriptions/aba6fac4-db66-4d0c-8bce-e11e744b44df/resourceGroups/III_group/providers/Microsoft.Network/networkSecurityGroups/III-nsg",
            "resourceType": "Microsoft.Network/networkSecurityGroups",
            "resourceName": "III-nsg"
          },
          {
            "id": "/subscriptions/aba6fac4-db66-4d0c-8bce-e11e744b44df/resourceGroups/III_group/providers/Microsoft.Network/virtualNetworks/III_group-vnet",
            "resourceType": "Microsoft.Network/virtualNetworks",
            "resourceName": "III_group-vnet"
          },
          {
            "id": "/subscriptions/aba6fac4-db66-4d0c-8bce-e11e744b44df/resourceGroups/III_group/providers/Microsoft.Network/publicIpAddresses/III-ip",
            "resourceType": "Microsoft.Network/publicIpAddresses",
            "resourceName": "III-ip"
          }
        ],
        "id": "/subscriptions/aba6fac4-db66-4d0c-8bce-e11e744b44df/resourceGroups/III_group/providers/Microsoft.Network/networkInterfaces/iii749",
        "resourceType": "Microsoft.Network/networkInterfaces",
        "resourceName": "iii749"
      },
      {
        "dependsOn": [
          {
            "id": "/subscriptions/aba6fac4-db66-4d0c-8bce-e11e744b44df/resourceGroups/III_group/providers/Microsoft.Network/networkInterfaces/iii749",
            "resourceType": "Microsoft.Network/networkInterfaces",
            "resourceName": "iii749"
          }
        ],
        "id": "/subscriptions/aba6fac4-db66-4d0c-8bce-e11e744b44df/resourceGroups/III_group/providers/Microsoft.Compute/virtualMachines/III",
        "resourceType": "Microsoft.Compute/virtualMachines",
        "resourceName": "III"
      }
    ],
    "validationLevel": "Template"
  }
}