[
  {
    "id": "/subscriptions/aba6fac4-db66-4d0c-8bce-e11e744b44df/providers/Microsoft.Resources/deployments/770c1cea-2a4e-43b1-beb5-a92f2bc0632f/operations/7C0201809F51D70C",
    "operationId": "7C0201809F51D70C",
    "properties": {
      "provisioningOperation": "Create",
      "provisioningState": "Succeeded",
      "timestamp": "2022-04-14T20:55:07.7812039Z",
      "duration": "PT3.2605925S",
      "trackingId": "44cccc83-ecee-4e0c-8d04-1418aba2262e",
      "statusCode": "Created",
      "targetResource": {
        "id": "/subscriptions/aba6fac4-db66-4d0c-8bce-e11e744b44df/providers/Microsoft.ManagedServices/registrationDefinitions/90f1322f-63fd-4be8-b0e5-0ad6858cc4b8",
        "resourceType": "Microsoft.ManagedServices/registrationDefinitions",
        "resourceName": "90f1322f-63fd-4be8-b0e5-0ad6858cc4b8"
      }
    }
  },
  {
    "id": "/subscriptions/aba6fac4-db66-4d0c-8bce-e11e744b44df/providers/Microsoft.Resources/deployments/770c1cea-2a4e-43b1-beb5-a92f2bc0632f/operations/08585516371831842391",
    "operationId": "08585516371831842391",
    "properties": {
      "provisioningOperation": "EvaluateDeploymentOutput",
      "provisioningState": "Succeeded",
      "timestamp": "2022-04-14T20:55:08.0949452Z",
      "duration": "PT3.5743338S",
      "trackingId": "6d86d6a9-a719-4ef5-a6e0-5ee6e99f317f",
      "statusCode": "OK"
    }
  }
]