{
  "id": "/subscriptions/aba6fac4-db66-4d0c-8bce-e11e744b44df/providers/Microsoft.Resources/deployments/770c1cea-2a4e-43b1-beb5-a92f2bc0632f",
  "name": "770c1cea-2a4e-43b1-beb5-a92f2bc0632f",
  "type": "Microsoft.Resources/deployments",
  "location": "centralus",
  "tags": {
    "marketplaceItemId": "wipro-ltd.wipro_azure_ad_iam",
    "provisioningHash": "03bda17e-d3aa-4385-b468-d84fd3511b8a"
  },
  "properties": {
    "templateHash": "9066690161837384525",
    "parameters": {
      "name": {
        "type": "String",
        "value": "90f1322f-63fd-4be8-b0e5-0ad6858cc4b8"
      },
      "definitionName": {
        "type": "String",
        "value": "Azure AD Digital IAM Managed Service (Per IAM App)"
      },
      "definitionDescription": {
        "type": "String",
        "value": "Super User Admin no restrictions whatsoever "
      },
      "managedByTenantId": {
        "type": "String",
        "value": "c1d91f8d-b889-4794-9127-3d00a3bfd2fc"
      },
      "authorizations": {
        "type": "Array",
        "value": [
          {
            "principalId": "06273c13-49b9-413d-b5e2-ec786b0a8a37",
            "principalIdDisplayName": "MSSP Admin",
            "roleDefinitionId": "b24988ac-6180-42a0-ab88-20f7382dd24c",
            "delegatedRoleDefinitionIds": []
          }
        ]
      },
      "eligibleAuthorizations": {
        "type": "Array",
        "value": []
      },
      "publisherId": {
        "type": "String",
        "value": "wipro-ltd"
      },
      "offerId": {
        "type": "String",
        "value": "wipro_azure_ad_iam"
      },
      "planId": {
        "type": "String",
        "value": "perapp"
      },
      "planVersion": {
        "type": "String",
        "value": "1.0.0"
      },
      "apiVersion": {
        "type": "String",
        "value": "2020-02-01-preview"
      }
    },
    "mode": "Incremental",
    "debugSetting": {
      "detailLevel": "None"
    },
    "provisioningState": "Succeeded",
    "timestamp": "2022-04-14T20:55:08.1836384Z",
    "duration": "PT4.5215755S",
    "correlationId": "01e96095-de4a-4d56-a683-4aab973c5d7f",
    "providers": [
      {
        "namespace": "Microsoft.ManagedServices",
        "resourceTypes": [
          {
            "resourceType": "registrationDefinitions",
            "locations": [
              null
            ]
          }
        ]
      }
    ],
    "dependencies": [],
    "outputResources": [
      {
        "id": "/subscriptions/aba6fac4-db66-4d0c-8bce-e11e744b44df/providers/Microsoft.ManagedServices/registrationDefinitions/90f1322f-63fd-4be8-b0e5-0ad6858cc4b8"
      }
    ],
    "validationLevel": "Template"
  }
}