{
  "id": "/subscriptions/aba6fac4-db66-4d0c-8bce-e11e744b44df/resourceGroups/AzureQuantum/providers/Microsoft.Resources/deployments/Microsoft.Genomics",
  "name": "Microsoft.Genomics",
  "type": "Microsoft.Resources/deployments",
  "tags": {
    "primaryResourceId": "/subscriptions/aba6fac4-db66-4d0c-8bce-e11e744b44df/resourcegroups/AzureQuantum/providers/Microsoft.Genomics/accounts/farreros",
    "marketplaceItemId": "Microsoft.Genomics",
    "provisioningHash": "post-create-learnMoreLink"
  },
  "properties": {
    "templateHash": "10678609367164331976",
    "parameters": {
      "name": {
        "type": "String",
        "value": "farreros"
      },
      "location": {
        "type": "String",
        "value": "eastus2"
      },
      "tags": {
        "type": "Object",
        "value": {
          "Blood type ": "Rhnull",
          "tracking": "ece2817a-13c3-4202-83ae-1269b569940"
        }
      }
    },
    "mode": "Incremental",
    "debugSetting": {
      "detailLevel": "None"
    },
    "provisioningState": "Running",
    "timestamp": "2022-04-07T09:40:40.29953Z",
    "duration": "PT0.340172S",
    "correlationId": "b4cc92c0-f410-4d79-995e-d22df2812b79",
    "providers": [
      {
        "namespace": "Microsoft.Genomics",
        "resourceTypes": [
          {
            "resourceType": "accounts",
            "locations": [
              "eastus2"
            ]
          }
        ]
      }
    ],
    "dependencies": [],
    "validationLevel": "Template"
  }
}