{
  "id": "/subscriptions/aba6fac4-db66-4d0c-8bce-e11e744b44df/providers/Microsoft.Resources/deployments/8a19f858-0142-460a-8c9c-ac12589c176b",
  "name": "8a19f858-0142-460a-8c9c-ac12589c176b",
  "type": "Microsoft.Resources/deployments",
  "location": "ukwest",
  "tags": {
    "marketplaceItemId": "allieddigitalservicesllc1589910062052.rimmrimm-tier3",
    "provisioningHash": "612bf8a2-6795-4e12-af02-d9b1eda42346"
  },
  "properties": {
    "templateHash": "9066690161837384525",
    "parameters": {
      "name": {
        "type": "String",
        "value": "10aaa325-8167-4d39-86fc-99d91901c0fe"
      },
      "definitionName": {
        "type": "String",
        "value": "Remote Infrastructure Monitoring and Management (Tier 3: Administration of Azure Infrastructure)"
      },
      "definitionDescription": {
        "type": "String",
        "value": ""
      },
      "managedByTenantId": {
        "type": "String",
        "value": "2f46c040-48e3-4eb8-8fbf-418417f64401"
      },
      "authorizations": {
        "type": "Array",
        "value": [
          {
            "principalId": "3a152b6a-8902-4447-a929-cb7bbe5acf11",
            "principalIdDisplayName": "Justin Grote",
            "roleDefinitionId": "b24988ac-6180-42a0-ab88-20f7382dd24c",
            "delegatedRoleDefinitionIds": []
          }
        ]
      },
      "eligibleAuthorizations": {
        "type": "Array",
        "value": []
      },
      "publisherId": {
        "type": "String",
        "value": "allieddigitalservicesllc1589910062052"
      },
      "offerId": {
        "type": "String",
        "value": "rimm"
      },
      "planId": {
        "type": "String",
        "value": "rimm-tier3"
      },
      "planVersion": {
        "type": "String",
        "value": "0.0.1"
      },
      "apiVersion": {
        "type": "String",
        "value": "2020-02-01-preview"
      }
    },
    "mode": "Incremental",
    "debugSetting": {
      "detailLevel": "None"
    },
    "provisioningState": "Succeeded",
    "timestamp": "2022-04-16T06:45:58.1487003Z",
    "duration": "PT3.9725914S",
    "correlationId": "14947c85-57bc-4b26-8a27-fc4083902a5c",
    "providers": [
      {
        "namespace": "Microsoft.ManagedServices",
        "resourceTypes": [
          {
            "resourceType": "registrationDefinitions",
            "locations": [
              null
            ]
          }
        ]
      }
    ],
    "dependencies": [],
    "outputResources": [
      {
        "id": "/subscriptions/aba6fac4-db66-4d0c-8bce-e11e744b44df/providers/Microsoft.ManagedServices/registrationDefinitions/10aaa325-8167-4d39-86fc-99d91901c0fe"
      }
    ],
    "validationLevel": "Template"
  }
}