[
  {
    "id": "/subscriptions/aba6fac4-db66-4d0c-8bce-e11e744b44df/providers/Microsoft.Resources/deployments/8a19f858-0142-460a-8c9c-ac12589c176b/operations/A66DE88F29338B97",
    "operationId": "A66DE88F29338B97",
    "properties": {
      "provisioningOperation": "Create",
      "provisioningState": "Succeeded",
      "timestamp": "2022-04-16T06:45:57.9992558Z",
      "duration": "PT2.9859338S",
      "trackingId": "853b9f03-a8a2-4ab3-95bc-0fdcb8c16c1d",
      "statusCode": "Created",
      "targetResource": {
        "id": "/subscriptions/aba6fac4-db66-4d0c-8bce-e11e744b44df/providers/Microsoft.ManagedServices/registrationDefinitions/10aaa325-8167-4d39-86fc-99d91901c0fe",
        "resourceType": "Microsoft.ManagedServices/registrationDefinitions",
        "resourceName": "10aaa325-8167-4d39-86fc-99d91901c0fe"
      }
    }
  },
  {
    "id": "/subscriptions/aba6fac4-db66-4d0c-8bce-e11e744b44df/providers/Microsoft.Resources/deployments/8a19f858-0142-460a-8c9c-ac12589c176b/operations/08585515153358372313",
    "operationId": "08585515153358372313",
    "properties": {
      "provisioningOperation": "EvaluateDeploymentOutput",
      "provisioningState": "Succeeded",
      "timestamp": "2022-04-16T06:45:58.1138379Z",
      "duration": "PT3.1005159S",
      "trackingId": "77b0ba4c-b7d7-45fd-b039-e4458a692c41",
      "statusCode": "OK"
    }
  }
]