{
  "id": "/subscriptions/aba6fac4-db66-4d0c-8bce-e11e744b44df/resourceGroups/AzureQuantum/providers/Microsoft.Resources/deployments/CreateSpatialAnchorsForm_dx-20220407060001",
  "name": "CreateSpatialAnchorsForm_dx-20220407060001",
  "type": "Microsoft.Resources/deployments",
  "tags": {
    "marketplaceItemId": ""
  },
  "properties": {
    "templateHash": "14361331868454862895",
    "parameters": {
      "name": {
        "type": "String",
        "value": "Az"
      },
      "location": {
        "type": "String",
        "value": "eastus"
      },
      "tagsByResource": {
        "type": "Object",
        "value": {
          "Microsoft.MixedReality/spatialAnchorsAccounts": {
            "tracking": "ece2817a-13c3-4202-83ae-1269b569940"
          }
        }
      }
    },
    "mode": "Incremental",
    "debugSetting": {
      "detailLevel": "None"
    },
    "provisioningState": "Running",
    "timestamp": "2022-04-07T10:00:33.9635576Z",
    "duration": "PT0.2413909S",
    "correlationId": "c9559743-0766-49e3-9072-edb10979d7d6",
    "providers": [
      {
        "namespace": "Microsoft.MixedReality",
        "resourceTypes": [
          {
            "resourceType": "spatialAnchorsAccounts",
            "locations": [
              "eastus"
            ]
          }
        ]
      }
    ],
    "dependencies": [],
    "validationLevel": "Template"
  }
}