{
    "$schema": "https://schema.management.azure.com/schemas/2015-01-01/deploymentParameters.json#",
    "contentVersion": "1.0.0.0",
    "parameters": {
        "name": {
            "value": "gongo"
        },
        "location": {
            "value": "westus2"
        },
        "iotCentralUrl": {
            "value": "JamesOcallaghanPrivateBankSRO.w3.com"
        },
        "tags": {
            "value": {
                "ms-resource-usage": "azure-cloud-shell",
                "tracking": "ece2817a-13c3-4202-83ae-1269b569940"
            }
        }
    }
}