{
    "$schema": "http://schema.management.azure.com/schemas/2014-04-01-preview/deploymentTemplate.json#",
    "contentVersion": "1.0.0.0",
    "parameters": {
        "name": {
            "type": "String"
        },
        "location": {
            "type": "String"
        },
        "iotCentralUrl": {
            "type": "String"
        },
        "tags": {
            "type": "Object"
        }
    },
    "resources": [
        {
            "type": "Microsoft.AutonomousSystems/workspaces",
            "apiVersion": "2020-05-01-preview",
            "name": "[parameters('name')]",
            "location": "[parameters('location')]",
            "tags": "[parameters('tags')]",
            "identity": {
                "type": "systemAssigned"
            },
            "properties": {
                "iotCentralUrl": "[if(equals(parameters('iotCentralUrl'), ''), json('null'), parameters('iotCentralUrl'))]"
            }
        }
    ]
}