{
  "id": "/subscriptions/aba6fac4-db66-4d0c-8bce-e11e744b44df/resourceGroups/bonsai-rg-gongo-45df3c47-23bf-4379-9ce9-43d19b926669/providers/Microsoft.Resources/deployments/Microsoft.Template-20220407053753",
  "name": "Microsoft.Template-20220407053753",
  "type": "Microsoft.Resources/deployments",
  "tags": {
    "marketplaceItemId": "Microsoft.Template"
  },
  "properties": {
    "templateHash": "8737196167576140616",
    "parameters": {
      "name": {
        "type": "String",
        "value": "gongo"
      },
      "location": {
        "type": "String",
        "value": "westus2"
      },
      "iotCentralUrl": {
        "type": "String",
        "value": "JamesOcallaghanPrivateBankSRO.w3.com"
      },
      "tags": {
        "type": "Object",
        "value": {
          "ms-resource-usage": "azure-cloud-shell",
          "tracking": "ece2817a-13c3-4202-83ae-1269b569940"
        }
      }
    },
    "mode": "Incremental",
    "debugSetting": {
      "detailLevel": "None"
    },
    "provisioningState": "Running",
    "timestamp": "2022-04-07T09:38:00.0832351Z",
    "duration": "PT0.9040231S",
    "correlationId": "ec43b479-5887-4cd0-867f-0154cf6204cf",
    "providers": [
      {
        "namespace": "Microsoft.AutonomousSystems",
        "resourceTypes": [
          {
            "resourceType": "workspaces",
            "locations": [
              "westus2"
            ]
          }
        ]
      }
    ],
    "dependencies": [],
    "validationLevel": "Template"
  }
}