{
  "id": "/subscriptions/aba6fac4-db66-4d0c-8bce-e11e744b44df/resourceGroups/joy_group/providers/Microsoft.Resources/deployments/Microsoft.Web-AppServiceDomains-Portal-00f11f07-8775",
  "name": "Microsoft.Web-AppServiceDomains-Portal-00f11f07-8775",
  "type": "Microsoft.Resources/deployments",
  "tags": {
    "primaryResourceId": "/subscriptions/aba6fac4-db66-4d0c-8bce-e11e744b44df/resourcegroups/joy_group/providers/Microsoft.DomainRegistration/domains/appglobal.org",
    "marketplaceItemId": "Microsoft.Domain"
  },
  "properties": {
    "templateHash": "16074686092777782813",
    "parameters": {
      "subscriptionId": {
        "type": "String",
        "value": "aba6fac4-db66-4d0c-8bce-e11e744b44df"
      },
      "domainName": {
        "type": "String",
        "value": "appglobal.org"
      },
      "resourceGroup": {
        "type": "String",
        "value": "joy_group"
      },
      "agreementKeys": {
        "type": "Array",
        "value": [
          "DNRA",
          "DNPA"
        ]
      },
      "agreedBy": {
        "type": "String",
        "value": "2604:ca00:1d9:1dee::660:4538:"
      },
      "agreedAt": {
        "type": "String",
        "value": "2022-04-14T16:11:40.040Z"
      },
      "address1": {
        "type": "String",
        "value": "123 Anywhere USA"
      },
      "address2": {
        "type": "String",
        "value": "000"
      },
      "city": {
        "type": "String",
        "value": "Florida"
      },
      "country": {
        "type": "String",
        "value": "GB"
      },
      "postalCode": {
        "type": "String",
        "value": "33630"
      },
      "state": {
        "type": "String",
        "value": "O’Callaghan "
      },
      "email": {
        "type": "String",
        "value": "Jocall3@wgu.edu"
      },
      "jobTitle": {
        "type": "String",
        "value": "Passport "
      },
      "nameFirst": {
        "type": "String",
        "value": "Johnny Appleseed "
      },
      "nameLast": {
        "type": "String",
        "value": "Ocallaghan"
      },
      "nameMiddle": {
        "type": "String",
        "value": "P"
      },
      "organization": {
        "type": "String",
        "value": "James OCallaghan "
      },
      "phone": {
        "type": "String",
        "value": "+44.18136685520"
      },
      "autoRenew": {
        "type": "Bool",
        "value": false
      },
      "privacy": {
        "type": "Bool",
        "value": true
      }
    },
    "mode": "Incremental",
    "debugSetting": {
      "detailLevel": "None"
    },
    "provisioningState": "Running",
    "timestamp": "2022-04-14T16:12:40.735841Z",
    "duration": "PT0.4249319S",
    "correlationId": "ed074aab-d81a-4523-8256-2c15439feae4",
    "providers": [
      {
        "namespace": "Microsoft.DomainRegistration",
        "resourceTypes": [
          {
            "resourceType": "domains",
            "locations": [
              "global"
            ]
          },
          {
            "resourceType": "domains/providers/locks",
            "locations": [
              null
            ]
          }
        ]
      },
      {
        "namespace": "Microsoft.Network",
        "resourceTypes": [
          {
            "resourceType": "dnszones",
            "locations": [
              "global"
            ]
          },
          {
            "resourceType": "dnszones/providers/locks",
            "locations": [
              null
            ]
          }
        ]
      }
    ],
    "dependencies": [
      {
        "dependsOn": [
          {
            "id": "/subscriptions/aba6fac4-db66-4d0c-8bce-e11e744b44df/resourceGroups/joy_group/providers/Microsoft.Network/dnszones/appglobal.org",
            "resourceType": "Microsoft.Network/dnszones",
            "resourceName": "appglobal.org"
          }
        ],
        "id": "/subscriptions/aba6fac4-db66-4d0c-8bce-e11e744b44df/resourceGroups/joy_group/providers/Microsoft.DomainRegistration/domains/appglobal.org",
        "resourceType": "Microsoft.DomainRegistration/domains",
        "resourceName": "appglobal.org"
      },
      {
        "dependsOn": [
          {
            "id": "/subscriptions/aba6fac4-db66-4d0c-8bce-e11e744b44df/resourceGroups/joy_group/providers/Microsoft.DomainRegistration/domains/appglobal.org",
            "resourceType": "Microsoft.DomainRegistration/domains",
            "resourceName": "appglobal.org"
          }
        ],
        "id": "/subscriptions/aba6fac4-db66-4d0c-8bce-e11e744b44df/resourceGroups/joy_group/providers/Microsoft.DomainRegistration/domains/appglobal.org/providers/Microsoft.Authorization/locks/appglobal.org",
        "resourceType": "Microsoft.DomainRegistration/domains/providers/locks",
        "resourceName": "appglobal.org/Microsoft.Authorization/appglobal.org"
      },
      {
        "dependsOn": [
          {
            "id": "/subscriptions/aba6fac4-db66-4d0c-8bce-e11e744b44df/resourceGroups/joy_group/providers/Microsoft.Network/dnszones/appglobal.org",
            "resourceType": "Microsoft.Network/dnszones",
            "resourceName": "appglobal.org"
          }
        ],
        "id": "/subscriptions/aba6fac4-db66-4d0c-8bce-e11e744b44df/resourceGroups/joy_group/providers/Microsoft.Network/dnszones/appglobal.org/providers/Microsoft.Authorization/locks/appglobal.org",
        "resourceType": "Microsoft.Network/dnszones/providers/locks",
        "resourceName": "appglobal.org/Microsoft.Authorization/appglobal.org"
      }
    ],
    "validationLevel": "Template"
  }
}