{
  "id": "/subscriptions/aba6fac4-db66-4d0c-8bce-e11e744b44df/resourceGroups/AzureQuantum/providers/Microsoft.Resources/deployments/tyyyy",
  "name": "tyyyy",
  "type": "Microsoft.Resources/deployments",
  "tags": {
    "primaryResourceId": "/subscriptions/aba6fac4-db66-4d0c-8bce-e11e744b44df/resourcegroups/AzureQuantum/providers/Microsoft.IoTCentral/IoTApps/tyyyy",
    "marketplaceItemId": "Microsoft.IoTCentral"
  },
  "properties": {
    "templateHash": "11149639782873911911",
    "parameters": {
      "resourceName": {
        "type": "String",
        "value": "tyyyy"
      },
      "subdomain": {
        "type": "String",
        "value": "tyyyy"
      },
      "location": {
        "type": "String",
        "value": "australiaeast"
      },
      "sku": {
        "type": "String",
        "value": "ST2"
      },
      "template": {
        "type": "String",
        "value": "iotc-distribution@1.0.0"
      }
    },
    "mode": "Incremental",
    "debugSetting": {
      "detailLevel": "None"
    },
    "provisioningState": "Running",
    "timestamp": "2022-04-07T10:06:08.9515885Z",
    "duration": "PT0.2193667S",
    "correlationId": "a497db0f-729f-45d8-9b55-f2017cea5da5",
    "providers": [
      {
        "namespace": "Microsoft.IoTCentral",
        "resourceTypes": [
          {
            "resourceType": "IoTApps",
            "locations": [
              "australiaeast"
            ]
          }
        ]
      }
    ],
    "dependencies": [],
    "validationLevel": "Template"
  }
}