{
  "id": "/subscriptions/aba6fac4-db66-4d0c-8bce-e11e744b44df/resourceGroups/cloud-shell-storage-eastus/providers/Microsoft.Resources/deployments/Microsoft.CognitiveServicesFormRecognizer-20220407053151",
  "name": "Microsoft.CognitiveServicesFormRecognizer-20220407053151",
  "type": "Microsoft.Resources/deployments",
  "tags": {
    "marketplaceItemId": "Microsoft.CognitiveServicesFormRecognizer"
  },
  "properties": {
    "templateHash": "9753315928626230914",
    "parameters": {
      "name": {
        "type": "String",
        "value": "bob4564466645664455"
      },
      "location": {
        "type": "String",
        "value": "eastus"
      },
      "resourceGroupName": {
        "type": "String",
        "value": "cloud-shell-storage-eastus"
      },
      "resourceGroupId": {
        "type": "String",
        "value": "/subscriptions/aba6fac4-db66-4d0c-8bce-e11e744b44df/resourceGroups/cloud-shell-storage-eastus"
      },
      "sku": {
        "type": "String",
        "value": "S0"
      },
      "tagValues": {
        "type": "Object",
        "value": {}
      },
      "virtualNetworkType": {
        "type": "String",
        "value": "None"
      },
      "vnet": {
        "type": "Object",
        "value": {}
      },
      "ipRules": {
        "type": "Array",
        "value": []
      },
      "identity": {
        "type": "Object",
        "value": {
          "type": "None"
        }
      },
      "privateEndpoints": {
        "type": "Array",
        "value": []
      },
      "isCommitmentPlanForDisconnectedContainerEnabled": {
        "type": "Bool",
        "value": false
      },
      "commitmentPlanForDisconnectedContainer": {
        "type": "Object",
        "value": {
          "current": {},
          "hostingModel": "DisconnectedContainer",
          "planType": "CustomInvoice",
          "autoRenew": true
        }
      }
    },
    "mode": "Incremental",
    "debugSetting": {
      "detailLevel": "None"
    },
    "provisioningState": "Running",
    "timestamp": "2022-04-07T09:32:28.4683375Z",
    "duration": "PT0.4452505S",
    "correlationId": "7aa8e5ac-cd35-489b-86d8-a212c22c2ffe",
    "providers": [
      {
        "namespace": "Microsoft.CognitiveServices",
        "resourceTypes": [
          {
            "resourceType": "accounts",
            "locations": [
              "eastus"
            ]
          }
        ]
      }
    ],
    "dependencies": [
      {
        "dependsOn": [
          {
            "id": "/subscriptions/aba6fac4-db66-4d0c-8bce-e11e744b44df/resourceGroups/cloud-shell-storage-eastus/providers/Microsoft.Resources/deployments/deployVnet",
            "resourceType": "Microsoft.Resources/deployments",
            "resourceName": "deployVnet"
          }
        ],
        "id": "/subscriptions/aba6fac4-db66-4d0c-8bce-e11e744b44df/resourceGroups/cloud-shell-storage-eastus/providers/Microsoft.CognitiveServices/accounts/bob4564466645664455",
        "resourceType": "Microsoft.CognitiveServices/accounts",
        "resourceName": "bob4564466645664455"
      },
      {
        "dependsOn": [
          {
            "id": "/subscriptions/aba6fac4-db66-4d0c-8bce-e11e744b44df/resourceGroups/cloud-shell-storage-eastus/providers/Microsoft.CognitiveServices/accounts/bob4564466645664455",
            "resourceType": "Microsoft.CognitiveServices/accounts",
            "resourceName": "bob4564466645664455"
          }
        ],
        "id": "/subscriptions/aba6fac4-db66-4d0c-8bce-e11e744b44df/resourceGroups/cloud-shell-storage-eastus/providers/Microsoft.CognitiveServices/accounts/bob4564466645664455/commitmentPlans/DisconnectedContainer-FormRecognizer-1",
        "resourceType": "Microsoft.CognitiveServices/accounts/commitmentPlans",
        "resourceName": "bob4564466645664455/DisconnectedContainer-FormRecognizer-1"
      }
    ],
    "validationLevel": "Template"
  }
}