{
  "id": "/subscriptions/aba6fac4-db66-4d0c-8bce-e11e744b44df/resourceGroups/cloud-shell-storage-eastus/providers/Microsoft.Resources/deployments/CreateForm_dx-20220407050522",
  "name": "CreateForm_dx-20220407050522",
  "type": "Microsoft.Resources/deployments",
  "tags": {
    "marketplaceItemId": ""
  },
  "properties": {
    "templateHash": "10477977218666915744",
    "parameters": {
      "ledgerName": {
        "type": "String",
        "value": "citibank"
      },
      "location": {
        "type": "String",
        "value": "eastus"
      },
      "ledgerType": {
        "type": "String",
        "value": "Private"
      },
      "aadBasedSecurityPrincipals": {
        "type": "Array",
        "value": [
          {
            "principalId": "9ae98752-474a-4e4e-a0e4-230edf64a329",
            "ledgerRoleName": "Administrator"
          }
        ]
      },
      "certBasedSecurityPrincipals": {
        "type": "Array",
        "value": []
      },
      "tags": {
        "type": "Object",
        "value": {
          "Microsoft.ConfidentialLedger/ledgers": {
            "Account bal": "05329451",
            "Tracking": "ece2817a-13c3-4202-83ae-1269b569940"
          }
        }
      }
    },
    "mode": "Incremental",
    "debugSetting": {
      "detailLevel": "None"
    },
    "provisioningState": "Running",
    "timestamp": "2022-04-07T09:07:12.9528457Z",
    "duration": "PT0.3239044S",
    "correlationId": "86235b49-a8ff-406c-99be-af53931721a4",
    "providers": [
      {
        "namespace": "Microsoft.ConfidentialLedger",
        "resourceTypes": [
          {
            "resourceType": "ledgers",
            "locations": [
              "eastus"
            ]
          }
        ]
      }
    ],
    "dependencies": [],
    "validationLevel": "Template"
  }
}