{
  "id": "/subscriptions/aba6fac4-db66-4d0c-8bce-e11e744b44df/resourceGroups/AzureQuantum/providers/Microsoft.Resources/deployments/Microsoft.CognitiveServicesSpeechServices-20220407051810",
  "name": "Microsoft.CognitiveServicesSpeechServices-20220407051810",
  "type": "Microsoft.Resources/deployments",
  "tags": {
    "marketplaceItemId": "Microsoft.CognitiveServicesSpeechServices"
  },
  "properties": {
    "templateHash": "11515847628818338307",
    "parameters": {
      "name": {
        "type": "String",
        "value": "oo"
      },
      "location": {
        "type": "String",
        "value": "eastus"
      },
      "resourceGroupId": {
        "type": "String",
        "value": "/subscriptions/aba6fac4-db66-4d0c-8bce-e11e744b44df/resourceGroups/AzureQuantum"
      },
      "resourceGroupName": {
        "type": "String",
        "value": "AzureQuantum"
      },
      "sku": {
        "type": "String",
        "value": "S0"
      },
      "tagValues": {
        "type": "Object",
        "value": {}
      },
      "virtualNetworkType": {
        "type": "String",
        "value": "None"
      },
      "vnet": {
        "type": "Object",
        "value": {}
      },
      "ipRules": {
        "type": "Array",
        "value": []
      },
      "identity": {
        "type": "Object",
        "value": {
          "type": "SystemAssigned"
        }
      },
      "privateEndpoints": {
        "type": "Array",
        "value": []
      },
      "isCommitmentPlanForDisconnectedContainerEnabledForSTT": {
        "type": "Bool",
        "value": false
      },
      "commitmentPlanForDisconnectedContainerForSTT": {
        "type": "Object",
        "value": {
          "current": {},
          "hostingModel": "DisconnectedContainer",
          "planType": "STT",
          "autoRenew": true
        }
      },
      "isCommitmentPlanForDisconnectedContainerEnabledForNeuralTTS": {
        "type": "Bool",
        "value": false
      },
      "commitmentPlanForDisconnectedContainerForNeuralTTS": {
        "type": "Object",
        "value": {
          "current": {},
          "hostingModel": "DisconnectedContainer",
          "planType": "NTTS",
          "autoRenew": true
        }
      }
    },
    "mode": "Incremental",
    "debugSetting": {
      "detailLevel": "None"
    },
    "provisioningState": "Running",
    "timestamp": "2022-04-07T09:19:19.8362555Z",
    "duration": "PT0.5478025S",
    "correlationId": "cc73619a-0954-4153-8a7f-6af86f133acb",
    "providers": [
      {
        "namespace": "Microsoft.CognitiveServices",
        "resourceTypes": [
          {
            "resourceType": "accounts",
            "locations": [
              "eastus"
            ]
          }
        ]
      }
    ],
    "dependencies": [
      {
        "dependsOn": [
          {
            "id": "/subscriptions/aba6fac4-db66-4d0c-8bce-e11e744b44df/resourceGroups/AzureQuantum/providers/Microsoft.Resources/deployments/deployVnet",
            "resourceType": "Microsoft.Resources/deployments",
            "resourceName": "deployVnet"
          }
        ],
        "id": "/subscriptions/aba6fac4-db66-4d0c-8bce-e11e744b44df/resourceGroups/AzureQuantum/providers/Microsoft.CognitiveServices/accounts/oo",
        "resourceType": "Microsoft.CognitiveServices/accounts",
        "resourceName": "oo"
      },
      {
        "dependsOn": [
          {
            "id": "/subscriptions/aba6fac4-db66-4d0c-8bce-e11e744b44df/resourceGroups/AzureQuantum/providers/Microsoft.CognitiveServices/accounts/oo",
            "resourceType": "Microsoft.CognitiveServices/accounts",
            "resourceName": "oo"
          }
        ],
        "id": "/subscriptions/aba6fac4-db66-4d0c-8bce-e11e744b44df/resourceGroups/AzureQuantum/providers/Microsoft.CognitiveServices/accounts/oo/commitmentPlans/DisconnectedContainer-STT-1",
        "resourceType": "Microsoft.CognitiveServices/accounts/commitmentPlans",
        "resourceName": "oo/DisconnectedContainer-STT-1"
      },
      {
        "dependsOn": [
          {
            "id": "/subscriptions/aba6fac4-db66-4d0c-8bce-e11e744b44df/resourceGroups/AzureQuantum/providers/Microsoft.CognitiveServices/accounts/oo",
            "resourceType": "Microsoft.CognitiveServices/accounts",
            "resourceName": "oo"
          }
        ],
        "id": "/subscriptions/aba6fac4-db66-4d0c-8bce-e11e744b44df/resourceGroups/AzureQuantum/providers/Microsoft.CognitiveServices/accounts/oo/commitmentPlans/DisconnectedContainer-NeuralTTS-1",
        "resourceType": "Microsoft.CognitiveServices/accounts/commitmentPlans",
        "resourceName": "oo/DisconnectedContainer-NeuralTTS-1"
      }
    ],
    "validationLevel": "Template"
  }
}