[
  {
    "id": "/subscriptions/aba6fac4-db66-4d0c-8bce-e11e744b44df/resourceGroups/Jame/providers/Microsoft.Resources/deployments/NoMarketplace-Portal-jimmythakidd-1649466724427/operations/FF0E42230B78462C",
    "operationId": "FF0E42230B78462C",
    "properties": {
      "provisioningOperation": "Create",
      "provisioningState": "Running",
      "timestamp": "2022-04-09T01:12:42.5743389Z",
      "duration": "PT0.7590176S",
      "trackingId": "99f25c5a-95a4-4fdd-8043-97f896abd404",
      "statusCode": "Created",
      "targetResource": {
        "id": "/subscriptions/aba6fac4-db66-4d0c-8bce-e11e744b44df/resourceGroups/Jame/providers/Microsoft.Resources/deployments/deploy-storage-and-identity-jimmythakidd",
        "resourceType": "Microsoft.Resources/deployments",
        "resourceName": "deploy-storage-and-identity-jimmythakidd"
      }
    }
  }
]