{
  "id": "/subscriptions/aba6fac4-db66-4d0c-8bce-e11e744b44df/resourceGroups/Jame/providers/Microsoft.Resources/deployments/NoMarketplace-Portal-jimmythakidd-1649466724427",
  "name": "NoMarketplace-Portal-jimmythakidd-1649466724427",
  "type": "Microsoft.Resources/deployments",
  "tags": {
    "primaryResourceId": "/subscriptions/aba6fac4-db66-4d0c-8bce-e11e744b44df/resourcegroups/Jame/providers/Microsoft.Media/mediaservices/jimmythakidd",
    "marketplaceItemId": ""
  },
  "properties": {
    "templateHash": "122440889602753281",
    "parameters": {
      "name": {
        "type": "String",
        "value": "jimmythakidd"
      },
      "location": {
        "type": "String",
        "value": "eastus"
      },
      "mediaServicesTags": {
        "type": "Object",
        "value": {}
      },
      "storageName": {
        "type": "String",
        "value": "jimmythakidd"
      },
      "storageType": {
        "type": "String",
        "value": "Standard_LRS"
      },
      "storageKind": {
        "type": "String",
        "value": "StorageV2"
      },
      "storageTags": {
        "type": "Object",
        "value": {}
      }
    },
    "mode": "Incremental",
    "debugSetting": {
      "detailLevel": "None"
    },
    "provisioningState": "Running",
    "timestamp": "2022-04-09T01:12:42.5371334Z",
    "duration": "PT1.0715655S",
    "correlationId": "b0b83e66-206a-4c66-b075-7944acfb8531",
    "providers": [
      {
        "namespace": "Microsoft.Media",
        "resourceTypes": [
          {
            "resourceType": "mediaservices",
            "locations": [
              "eastus"
            ]
          }
        ]
      },
      {
        "namespace": "Microsoft.Resources",
        "resourceTypes": [
          {
            "resourceType": "deployments",
            "locations": [
              null
            ]
          }
        ]
      }
    ],
    "dependencies": [
      {
        "dependsOn": [
          {
            "id": "/subscriptions/aba6fac4-db66-4d0c-8bce-e11e744b44df/resourceGroups/Jame/providers/Microsoft.Resources/deployments/deploy-storage-and-identity-jimmythakidd",
            "resourceType": "Microsoft.Resources/deployments",
            "resourceName": "deploy-storage-and-identity-jimmythakidd"
          }
        ],
        "id": "/subscriptions/aba6fac4-db66-4d0c-8bce-e11e744b44df/resourceGroups/Jame/providers/Microsoft.Media/mediaservices/jimmythakidd",
        "resourceType": "Microsoft.Media/mediaservices",
        "resourceName": "jimmythakidd"
      }
    ],
    "validationLevel": "Template"
  }
}